image_name,target
51-1.jpg,0.11737508
51-2.jpg,0.11737508
51-3.jpg,0.11737508
51-4.jpg,0.11737508
52-1.jpg,0.53045535
52-2.jpg,0.53045535
52-3.jpg,0.53045535
52-4.jpg,0.53045535
54-1.jpg,0.28485465
54-2.jpg,0.28485465
54-3.jpg,0.28485465
54-4.jpg,0.28485465
55-1.jpg,0.9778267
55-2.jpg,0.9778267
55-3.jpg,0.9778267
55-4.jpg,0.9778267
58-1.jpg,0.83194363
58-2.jpg,0.83194363
58-3.jpg,0.83194363
58-4.jpg,0.83194363
60-1.jpg,0.72989875
60-2.jpg,0.72989875
60-3.jpg,0.72989875
60-4.jpg,0.72989875
61-1.jpg,0.805183
61-2.jpg,0.805183
61-3.jpg,0.805183
61-4.jpg,0.805183
62-1.jpg,0.9334641
62-2.jpg,0.9334641
62-3.jpg,0.9334641
62-4.jpg,0.9334641
63-1.jpg,0.61316603
63-2.jpg,0.61316603
63-3.jpg,0.61316603
63-4.jpg,0.61316603
65-1.jpg,0.67932045
65-2.jpg,0.67932045
65-3.jpg,0.67932045
65-4.jpg,0.67932045
67-1.jpg,0.18151791
67-2.jpg,0.18151791
67-3.jpg,0.18151791
67-4.jpg,0.18151791
68-1.jpg,0.7089585
68-2.jpg,0.7089585
68-3.jpg,0.7089585
68-4.jpg,0.7089585
69-1.jpg,0.06036883
69-2.jpg,0.06036883
69-3.jpg,0.06036883
69-4.jpg,0.06036883
70-1.jpg,0.95462537
70-2.jpg,0.95462537
70-3.jpg,0.95462537
70-4.jpg,0.95462537
71-1.jpg,0.9613273
71-2.jpg,0.9613273
71-3.jpg,0.9613273
71-4.jpg,0.9613273
72-1.jpg,0.09320911
72-2.jpg,0.09320911
72-3.jpg,0.09320911
72-4.jpg,0.09320911
73-1.jpg,0.57432175
73-2.jpg,0.57432175
73-3.jpg,0.57432175
73-4.jpg,0.57432175
74-1.jpg,0.5593344
74-2.jpg,0.5593344
74-3.jpg,0.5593344
74-4.jpg,0.5593344
75-1.jpg,0.044279926
75-2.jpg,0.044279926
75-3.jpg,0.044279926
75-4.jpg,0.044279926
76-1.jpg,0.85231054
76-2.jpg,0.85231054
76-3.jpg,0.85231054
76-4.jpg,0.85231054
77-1.jpg,0.8955965
77-2.jpg,0.8955965
77-3.jpg,0.8955965
77-4.jpg,0.8955965
78-1.jpg,0.76101506
78-2.jpg,0.76101506
78-3.jpg,0.76101506
78-4.jpg,0.76101506
79-1.jpg,0.5897929
79-2.jpg,0.5897929
79-3.jpg,0.5897929
79-4.jpg,0.5897929
80-1.jpg,0.8162354
80-2.jpg,0.8162354
80-3.jpg,0.8162354
80-4.jpg,0.8162354
81-1.jpg,0.80699235
81-2.jpg,0.80699235
81-3.jpg,0.80699235
81-4.jpg,0.80699235
82-1.jpg,0.9827659
82-2.jpg,0.9827659
82-3.jpg,0.9827659
82-4.jpg,0.9827659
83-1.jpg,0.22310714
83-2.jpg,0.22310714
83-3.jpg,0.22310714
83-4.jpg,0.22310714
84-1.jpg,0.01977215
84-2.jpg,0.01977215
84-3.jpg,0.01977215
84-4.jpg,0.01977215
85-1.jpg,0.923849
85-2.jpg,0.923849
85-3.jpg,0.923849
85-4.jpg,0.923849
86-1.jpg,0.034473345
86-2.jpg,0.034473345
86-3.jpg,0.034473345
86-4.jpg,0.034473345
87-1.jpg,0.80532
87-2.jpg,0.80532
87-3.jpg,0.80532
87-4.jpg,0.80532
88-1.jpg,0.7185673
88-2.jpg,0.7185673
88-3.jpg,0.7185673
88-4.jpg,0.7185673
89-1.jpg,0.59234273
89-2.jpg,0.59234273
89-3.jpg,0.59234273
89-4.jpg,0.59234273
90-1.jpg,0.41503257
90-2.jpg,0.41503257
90-3.jpg,0.41503257
90-4.jpg,0.41503257
91-1.jpg,0.6215232
91-2.jpg,0.6215232
91-3.jpg,0.6215232
91-4.jpg,0.6215232
92-1.jpg,0.45490342
92-2.jpg,0.45490342
92-3.jpg,0.45490342
92-4.jpg,0.45490342
93-1.jpg,0.034114372
93-2.jpg,0.034114372
93-3.jpg,0.034114372
93-4.jpg,0.034114372
94-1.jpg,0.36186045
94-2.jpg,0.36186045
94-3.jpg,0.36186045
94-4.jpg,0.36186045
95-1.jpg,0.76932824
95-2.jpg,0.76932824
95-3.jpg,0.76932824
95-4.jpg,0.76932824
96-1.jpg,0.7572249
96-2.jpg,0.7572249
96-3.jpg,0.7572249
96-4.jpg,0.7572249
97-1.jpg,0.13268636
97-2.jpg,0.13268636
97-3.jpg,0.13268636
97-4.jpg,0.13268636
98-1.jpg,0.90159684
98-2.jpg,0.90159684
98-3.jpg,0.90159684
98-4.jpg,0.90159684
99-1.jpg,0.0030402117
99-2.jpg,0.0030402117
99-3.jpg,0.0030402117
99-4.jpg,0.0030402117
100-1.jpg,0.50932634
100-2.jpg,0.50932634
100-3.jpg,0.50932634
100-4.jpg,0.50932634
101-1.jpg,0.82995796
101-2.jpg,0.82995796
101-3.jpg,0.82995796
101-4.jpg,0.82995796
102-1.jpg,0.9830149
102-2.jpg,0.9830149
102-3.jpg,0.9830149
102-4.jpg,0.9830149
103-1.jpg,0.014744421
103-2.jpg,0.014744421
103-3.jpg,0.014744421
103-4.jpg,0.014744421
104-1.jpg,0.04899425
104-2.jpg,0.04899425
104-3.jpg,0.04899425
104-4.jpg,0.04899425
105-1.jpg,0.57233477
105-2.jpg,0.57233477
105-3.jpg,0.57233477
105-4.jpg,0.57233477
106-1.jpg,0.09012259
106-2.jpg,0.09012259
106-3.jpg,0.09012259
106-4.jpg,0.09012259
107-1.jpg,0.91174686
107-2.jpg,0.91174686
107-3.jpg,0.91174686
107-4.jpg,0.91174686
108-1.jpg,0.73220104
108-2.jpg,0.73220104
108-3.jpg,0.73220104
108-4.jpg,0.73220104
109-1.jpg,0.07395194
109-2.jpg,0.07395194
109-3.jpg,0.07395194
109-4.jpg,0.07395194
110-1.jpg,0.18811895
110-2.jpg,0.18811895
110-3.jpg,0.18811895
110-4.jpg,0.18811895
111-1.jpg,0.018865708
111-2.jpg,0.018865708
111-3.jpg,0.018865708
111-4.jpg,0.018865708
112-1.jpg,0.97274345
112-2.jpg,0.97274345
112-3.jpg,0.97274345
112-4.jpg,0.97274345
113-1.jpg,0.91184545
113-2.jpg,0.91184545
113-3.jpg,0.91184545
113-4.jpg,0.91184545
114-1.jpg,0.80565184
114-2.jpg,0.80565184
114-3.jpg,0.80565184
114-4.jpg,0.80565184
115-1.jpg,0.01676363
115-2.jpg,0.01676363
115-3.jpg,0.01676363
115-4.jpg,0.01676363
116-1.jpg,0.272599
116-2.jpg,0.272599
116-3.jpg,0.272599
116-4.jpg,0.272599
117-1.jpg,0.42210323
117-2.jpg,0.42210323
117-3.jpg,0.42210323
117-4.jpg,0.42210323
118-1.jpg,0.95779204
118-2.jpg,0.95779204
118-3.jpg,0.95779204
118-4.jpg,0.95779204
119-1.jpg,0.009235373
119-2.jpg,0.009235373
119-3.jpg,0.009235373
119-4.jpg,0.009235373
120-1.jpg,0.9441656
120-2.jpg,0.9441656
120-3.jpg,0.9441656
120-4.jpg,0.9441656
121-1.jpg,0.94804704
121-2.jpg,0.94804704
121-3.jpg,0.94804704
121-4.jpg,0.94804704
122-1.jpg,0.9833982
122-2.jpg,0.9833982
122-3.jpg,0.9833982
122-4.jpg,0.9833982
123-1.jpg,0.5955436
123-2.jpg,0.5955436
123-3.jpg,0.5955436
123-4.jpg,0.5955436
124-1.jpg,0.020882891
124-2.jpg,0.020882891
124-3.jpg,0.020882891
124-4.jpg,0.020882891
125-1.jpg,0.0016556574
125-2.jpg,0.0016556574
125-3.jpg,0.0016556574
125-4.jpg,0.0016556574
126-1.jpg,0.95741946
126-2.jpg,0.95741946
126-3.jpg,0.95741946
126-4.jpg,0.95741946
127-1.jpg,0.21895918
127-2.jpg,0.21895918
127-3.jpg,0.21895918
127-4.jpg,0.21895918
128-1.jpg,0.9132229
128-2.jpg,0.9132229
128-3.jpg,0.9132229
128-4.jpg,0.9132229
129-1.jpg,0.5558455
129-2.jpg,0.5558455
129-3.jpg,0.5558455
129-4.jpg,0.5558455
130-1.jpg,0.9294684
130-2.jpg,0.9294684
130-3.jpg,0.9294684
130-4.jpg,0.9294684
131-1.jpg,0.060703777
131-2.jpg,0.060703777
131-3.jpg,0.060703777
131-4.jpg,0.060703777
133-1.jpg,0.20170471
133-2.jpg,0.20170471
133-3.jpg,0.20170471
133-4.jpg,0.20170471
134-1.jpg,0.80889726
134-2.jpg,0.80889726
134-3.jpg,0.80889726
134-4.jpg,0.80889726
135-1.jpg,0.85108477
135-2.jpg,0.85108477
135-3.jpg,0.85108477
135-4.jpg,0.85108477
136-1.jpg,0.68066967
136-2.jpg,0.68066967
136-3.jpg,0.68066967
136-4.jpg,0.68066967
137-1.jpg,0.8313241
137-2.jpg,0.8313241
137-3.jpg,0.8313241
137-4.jpg,0.8313241
138-1.jpg,0.13543954
138-2.jpg,0.13543954
138-3.jpg,0.13543954
138-4.jpg,0.13543954
139-1.jpg,0.84153193
139-2.jpg,0.84153193
139-3.jpg,0.84153193
139-4.jpg,0.84153193
140-1.jpg,0.8420177
140-2.jpg,0.8420177
140-3.jpg,0.8420177
140-4.jpg,0.8420177
141-1.jpg,0.10028651
141-2.jpg,0.10028651
141-3.jpg,0.10028651
141-4.jpg,0.10028651
142-1.jpg,0.9734811
142-2.jpg,0.9734811
142-3.jpg,0.9734811
142-4.jpg,0.9734811
143-1.jpg,0.9678556
143-2.jpg,0.9678556
143-3.jpg,0.9678556
143-4.jpg,0.9678556
146-1.jpg,0.94480705
146-2.jpg,0.94480705
146-3.jpg,0.94480705
146-4.jpg,0.94480705
147-1.jpg,0.91932
147-2.jpg,0.91932
147-3.jpg,0.91932
147-4.jpg,0.91932
148-1.jpg,0.018589215
148-2.jpg,0.018589215
148-3.jpg,0.018589215
148-4.jpg,0.018589215
149-1.jpg,0.12824616
149-2.jpg,0.12824616
149-3.jpg,0.12824616
149-4.jpg,0.12824616
150-1.jpg,0.800565
150-2.jpg,0.800565
150-3.jpg,0.800565
150-4.jpg,0.800565
151-1.jpg,0.91997415
151-2.jpg,0.91997415
151-3.jpg,0.91997415
151-4.jpg,0.91997415
152-1.jpg,0.51571625
152-2.jpg,0.51571625
152-3.jpg,0.51571625
152-4.jpg,0.51571625
153-1.jpg,0.9476365
153-2.jpg,0.9476365
153-3.jpg,0.9476365
153-4.jpg,0.9476365
154-1.jpg,0.29059213
154-2.jpg,0.29059213
154-3.jpg,0.29059213
154-4.jpg,0.29059213
155-1.jpg,0.9179225
155-2.jpg,0.9179225
155-3.jpg,0.9179225
155-4.jpg,0.9179225
156-1.jpg,0.9294181
156-2.jpg,0.9294181
156-3.jpg,0.9294181
156-4.jpg,0.9294181
158-1.jpg,0.644337
158-2.jpg,0.644337
158-3.jpg,0.644337
158-4.jpg,0.644337
159-1.jpg,0.30506372
159-2.jpg,0.30506372
159-3.jpg,0.30506372
159-4.jpg,0.30506372
160-1.jpg,0.007014011
160-2.jpg,0.007014011
160-3.jpg,0.007014011
160-4.jpg,0.007014011
161-1.jpg,0.86367506
161-2.jpg,0.86367506
161-3.jpg,0.86367506
161-4.jpg,0.86367506
162-1.jpg,0.92911536
162-2.jpg,0.92911536
162-3.jpg,0.92911536
162-4.jpg,0.92911536
163-1.jpg,0.1817927
163-2.jpg,0.1817927
163-3.jpg,0.1817927
163-4.jpg,0.1817927
164-1.jpg,0.9594225
164-2.jpg,0.9594225
164-3.jpg,0.9594225
164-4.jpg,0.9594225
165-1.jpg,0.88212895
165-2.jpg,0.88212895
165-3.jpg,0.88212895
165-4.jpg,0.88212895
166-1.jpg,0.91801536
166-2.jpg,0.91801536
166-3.jpg,0.91801536
166-4.jpg,0.91801536
167-1.jpg,0.96846443
167-2.jpg,0.96846443
167-3.jpg,0.96846443
167-4.jpg,0.96846443
168-1.jpg,0.954759
168-2.jpg,0.954759
168-3.jpg,0.954759
168-4.jpg,0.954759
170-1.jpg,0.7840173
170-2.jpg,0.7840173
170-3.jpg,0.7840173
170-4.jpg,0.7840173
171-1.jpg,0.008074053
171-2.jpg,0.008074053
171-3.jpg,0.008074053
171-4.jpg,0.008074053
172-1.jpg,0.9772459
172-2.jpg,0.9772459
172-3.jpg,0.9772459
172-4.jpg,0.9772459
173-1.jpg,0.25002724
173-2.jpg,0.25002724
173-3.jpg,0.25002724
173-4.jpg,0.25002724
174-1.jpg,0.6143791
174-2.jpg,0.6143791
174-3.jpg,0.6143791
174-4.jpg,0.6143791
175-1.jpg,0.8375733
175-2.jpg,0.8375733
175-3.jpg,0.8375733
175-4.jpg,0.8375733
176-1.jpg,0.71282107
176-2.jpg,0.71282107
176-3.jpg,0.71282107
176-4.jpg,0.71282107
177-1.jpg,0.5274668
177-2.jpg,0.5274668
177-3.jpg,0.5274668
177-4.jpg,0.5274668
178-1.jpg,0.9448031
178-2.jpg,0.9448031
178-3.jpg,0.9448031
178-4.jpg,0.9448031
179-1.jpg,0.9226331
179-2.jpg,0.9226331
179-3.jpg,0.9226331
179-4.jpg,0.9226331
180-1.jpg,0.9642638
180-2.jpg,0.9642638
180-3.jpg,0.9642638
180-4.jpg,0.9642638
181-1.jpg,0.8684391
181-2.jpg,0.8684391
181-3.jpg,0.8684391
181-4.jpg,0.8684391
182-1.jpg,0.8679557
182-2.jpg,0.8679557
182-3.jpg,0.8679557
182-4.jpg,0.8679557
183-1.jpg,0.9684551
183-2.jpg,0.9684551
183-3.jpg,0.9684551
183-4.jpg,0.9684551
184-1.jpg,0.814453
184-2.jpg,0.814453
184-3.jpg,0.814453
184-4.jpg,0.814453
185-1.jpg,0.93040705
185-2.jpg,0.93040705
185-3.jpg,0.93040705
185-4.jpg,0.93040705
186-1.jpg,0.86279345
186-2.jpg,0.86279345
186-3.jpg,0.86279345
186-4.jpg,0.86279345
187-1.jpg,0.9378766
187-2.jpg,0.9378766
187-3.jpg,0.9378766
187-4.jpg,0.9378766
188-1.jpg,0.93538773
188-2.jpg,0.93538773
188-3.jpg,0.93538773
188-4.jpg,0.93538773
189-1.jpg,0.3028721
189-2.jpg,0.3028721
189-3.jpg,0.3028721
189-4.jpg,0.3028721
190-1.jpg,0.8884641
190-2.jpg,0.8884641
190-3.jpg,0.8884641
190-4.jpg,0.8884641
191-1.jpg,0.8952853
191-2.jpg,0.8952853
191-3.jpg,0.8952853
191-4.jpg,0.8952853
192-1.jpg,0.8889967
192-2.jpg,0.8889967
192-3.jpg,0.8889967
192-4.jpg,0.8889967
193-1.jpg,0.98601925
193-2.jpg,0.98601925
193-3.jpg,0.98601925
193-4.jpg,0.98601925
194-1.jpg,0.049488127
194-2.jpg,0.049488127
194-3.jpg,0.049488127
194-4.jpg,0.049488127
196-1.jpg,0.75811625
196-2.jpg,0.75811625
196-3.jpg,0.75811625
196-4.jpg,0.75811625
197-1.jpg,0.5082587
197-2.jpg,0.5082587
197-3.jpg,0.5082587
197-4.jpg,0.5082587
198-1.jpg,0.63239014
198-2.jpg,0.63239014
198-3.jpg,0.63239014
198-4.jpg,0.63239014
199-1.jpg,0.9327663
199-2.jpg,0.9327663
199-3.jpg,0.9327663
199-4.jpg,0.9327663
201-1.jpg,0.99644935
201-2.jpg,0.99644935
201-3.jpg,0.99644935
201-4.jpg,0.99644935
202-1.jpg,0.9582336
202-2.jpg,0.9582336
202-3.jpg,0.9582336
202-4.jpg,0.9582336
203-1.jpg,0.967098
203-2.jpg,0.967098
203-3.jpg,0.967098
203-4.jpg,0.967098
204-1.jpg,0.68965137
204-2.jpg,0.68965137
204-3.jpg,0.68965137
204-4.jpg,0.68965137
205-1.jpg,0.81833345
205-2.jpg,0.81833345
205-3.jpg,0.81833345
205-4.jpg,0.81833345
206-1.jpg,0.89580905
206-2.jpg,0.89580905
206-3.jpg,0.89580905
206-4.jpg,0.89580905
207-1.jpg,0.91648686
207-2.jpg,0.91648686
207-3.jpg,0.91648686
207-4.jpg,0.91648686
208-1.jpg,0.89896286
208-2.jpg,0.89896286
208-3.jpg,0.89896286
208-4.jpg,0.89896286
209-1.jpg,0.22037826
209-2.jpg,0.22037826
209-3.jpg,0.22037826
209-4.jpg,0.22037826
210-1.jpg,0.83181316
210-2.jpg,0.83181316
210-3.jpg,0.83181316
210-4.jpg,0.83181316
211-1.jpg,0.9797511
211-2.jpg,0.9797511
211-3.jpg,0.9797511
211-4.jpg,0.9797511
212-1.jpg,0.72369945
212-2.jpg,0.72369945
212-3.jpg,0.72369945
212-4.jpg,0.72369945
213-1.jpg,0.83680457
213-2.jpg,0.83680457
213-3.jpg,0.83680457
213-4.jpg,0.83680457
214-1.jpg,0.088065706
214-2.jpg,0.088065706
214-3.jpg,0.088065706
214-4.jpg,0.088065706
215-1.jpg,0.31884933
215-2.jpg,0.31884933
215-3.jpg,0.31884933
215-4.jpg,0.31884933
216-1.jpg,0.30933428
216-2.jpg,0.30933428
216-3.jpg,0.30933428
216-4.jpg,0.30933428
217-1.jpg,0.6900232
217-2.jpg,0.6900232
217-3.jpg,0.6900232
217-4.jpg,0.6900232
218-1.jpg,0.8194677
218-2.jpg,0.8194677
218-3.jpg,0.8194677
218-4.jpg,0.8194677
219-1.jpg,0.8211546
219-2.jpg,0.8211546
219-3.jpg,0.8211546
219-4.jpg,0.8211546
220-1.jpg,0.11042254
220-2.jpg,0.11042254
220-3.jpg,0.11042254
220-4.jpg,0.11042254
221-1.jpg,0.8911404
221-2.jpg,0.8911404
221-3.jpg,0.8911404
221-4.jpg,0.8911404
223-1.jpg,0.8954835
223-2.jpg,0.8954835
223-3.jpg,0.8954835
223-4.jpg,0.8954835
224-1.tif,0.80531174
224-2.tif,0.80531174
224-3.tif,0.80531174
224-4.tif,0.80531174
225-1.jpg,0.84563327
225-2.jpg,0.84563327
225-3.jpg,0.84563327
225-4.jpg,0.84563327
226-1.jpg,0.9539627
226-2.jpg,0.9539627
226-3.jpg,0.9539627
226-4.jpg,0.9539627
227-1.jpg,0.7654128
227-2.jpg,0.7654128
227-3.jpg,0.7654128
227-4.jpg,0.7654128
228-1.jpg,0.37466025
228-2.jpg,0.37466025
228-3.jpg,0.37466025
228-4.jpg,0.37466025
229-1.jpg,0.9876451
229-2.jpg,0.9876451
229-3.jpg,0.9876451
229-4.jpg,0.9876451
230-1.jpg,0.85435975
230-2.jpg,0.85435975
230-3.jpg,0.85435975
230-4.jpg,0.85435975
232-1.jpg,0.9749587
232-2.jpg,0.9749587
232-3.jpg,0.9749587
232-4.jpg,0.9749587
233-1.jpg,0.9543816
233-2.jpg,0.9543816
233-3.jpg,0.9543816
233-4.jpg,0.9543816
235-1.jpg,0.85482925
235-2.jpg,0.85482925
235-3.jpg,0.85482925
235-4.jpg,0.85482925
236-1.jpg,0.02455574
236-2.jpg,0.02455574
236-3.jpg,0.02455574
236-4.jpg,0.02455574
237-1.jpg,0.07914034
237-2.jpg,0.07914034
237-3.jpg,0.07914034
237-4.jpg,0.07914034
239-1.jpg,0.5547769
239-2.jpg,0.5547769
239-3.jpg,0.5547769
239-4.jpg,0.5547769
241-1.jpg,0.026286937
241-2.jpg,0.026286937
241-3.jpg,0.026286937
241-4.jpg,0.026286937
242-1.jpg,0.11126527
242-2.jpg,0.11126527
242-3.jpg,0.11126527
242-4.jpg,0.11126527
243-1.jpg,0.07932082
243-2.jpg,0.07932082
243-3.jpg,0.07932082
243-4.jpg,0.07932082
244-1.jpg,0.073223226
244-2.jpg,0.073223226
244-3.jpg,0.073223226
244-4.jpg,0.073223226
245-1.jpg,0.032136925
245-2.jpg,0.032136925
245-3.jpg,0.032136925
245-4.jpg,0.032136925
246-1.jpg,0.06532614
246-2.jpg,0.06532614
246-3.jpg,0.06532614
246-4.jpg,0.06532614
247-1.jpg,0.10057162
247-2.jpg,0.10057162
247-3.jpg,0.10057162
247-4.jpg,0.10057162
248-1.jpg,0.034816973
248-2.jpg,0.034816973
248-3.jpg,0.034816973
248-4.jpg,0.034816973
249-1.jpg,0.1415467
249-2.jpg,0.1415467
249-3.jpg,0.1415467
249-4.jpg,0.1415467
250-1.jpg,0.016157435
250-2.jpg,0.016157435
250-3.jpg,0.016157435
250-4.jpg,0.016157435
251-1.jpg,0.01640118
251-2.jpg,0.01640118
251-3.jpg,0.01640118
251-4.jpg,0.01640118
252-1.jpg,0.034393545
252-2.jpg,0.034393545
252-3.jpg,0.034393545
252-4.jpg,0.034393545
253-1.jpg,0.23821145
253-2.jpg,0.23821145
253-3.jpg,0.23821145
253-4.jpg,0.23821145
254-1.jpg,0.10778346
254-2.jpg,0.10778346
254-3.jpg,0.10778346
254-4.jpg,0.10778346
255-1.jpg,0.06846074
255-2.jpg,0.06846074
255-3.jpg,0.06846074
255-4.jpg,0.06846074
256-1.jpg,0.26124513
256-2.jpg,0.26124513
256-3.jpg,0.26124513
256-4.jpg,0.26124513
257-1.jpg,0.42769435
257-2.jpg,0.42769435
257-3.jpg,0.42769435
257-4.jpg,0.42769435
258-1.jpg,0.085634604
258-2.jpg,0.085634604
258-3.jpg,0.085634604
258-4.jpg,0.085634604
259-1.jpg,0.035921596
259-2.jpg,0.035921596
259-3.jpg,0.035921596
259-4.jpg,0.035921596
260-1.jpg,0.025860645
260-2.jpg,0.025860645
260-3.jpg,0.025860645
260-4.jpg,0.025860645
261-1.jpg,0.21728177
261-2.jpg,0.21728177
261-3.jpg,0.21728177
261-4.jpg,0.21728177
262-1.jpg,0.011530524
262-2.jpg,0.011530524
262-3.jpg,0.011530524
262-4.jpg,0.011530524
263-1.jpg,0.86128587
263-2.jpg,0.86128587
263-3.jpg,0.86128587
263-4.jpg,0.86128587
264-1.jpg,0.01863483
264-2.jpg,0.01863483
264-3.jpg,0.01863483
264-4.jpg,0.01863483
265-1.jpg,0.011735762
265-2.jpg,0.011735762
265-3.jpg,0.011735762
265-4.jpg,0.011735762
266-1.jpg,0.24968755
266-2.jpg,0.24968755
266-3.jpg,0.24968755
266-4.jpg,0.24968755
267-1.jpg,0.063241705
267-2.jpg,0.063241705
267-3.jpg,0.063241705
267-4.jpg,0.063241705
268-1.jpg,0.6582537
268-2.jpg,0.6582537
268-3.jpg,0.6582537
268-4.jpg,0.6582537
269-1.jpg,0.0956686
269-2.jpg,0.0956686
269-3.jpg,0.0956686
269-4.jpg,0.0956686
270-1.jpg,0.05213494
270-2.jpg,0.05213494
270-3.jpg,0.05213494
270-4.jpg,0.05213494
271-1.jpg,0.034824092
271-2.jpg,0.034824092
271-3.jpg,0.034824092
271-4.jpg,0.034824092
272-1.jpg,0.17532143
272-2.jpg,0.17532143
272-3.jpg,0.17532143
272-4.jpg,0.17532143
273-1.jpg,0.0040192716
273-2.jpg,0.0040192716
273-3.jpg,0.0040192716
273-4.jpg,0.0040192716
274-1.jpg,0.09176411
274-2.jpg,0.09176411
274-3.jpg,0.09176411
274-4.jpg,0.09176411
278-1.jpg,0.3587535
278-2.jpg,0.3587535
278-3.jpg,0.3587535
278-4.jpg,0.3587535
279-1.jpg,0.20470344
279-2.jpg,0.20470344
279-3.jpg,0.20470344
279-4.jpg,0.20470344
280-1.jpg,0.039015356
280-2.jpg,0.039015356
280-3.jpg,0.039015356
280-4.jpg,0.039015356
281-1.jpg,0.044307638
281-2.jpg,0.044307638
281-3.jpg,0.044307638
281-4.jpg,0.044307638
282-1.jpg,0.024479717
282-2.jpg,0.024479717
282-3.jpg,0.024479717
282-4.jpg,0.024479717
283-1.jpg,0.0008844798
283-2.jpg,0.0008844798
283-3.jpg,0.0008844798
283-4.jpg,0.0008844798
284-1.jpg,0.5793036
284-2.jpg,0.5793036
284-3.jpg,0.5793036
284-4.jpg,0.5793036
285-1.jpg,0.032986194
285-2.jpg,0.032986194
285-3.jpg,0.032986194
285-4.jpg,0.032986194
286-1.jpg,0.024880957
286-2.jpg,0.024880957
286-3.jpg,0.024880957
286-4.jpg,0.024880957
287-1.jpg,0.02248742
287-2.jpg,0.02248742
287-3.jpg,0.02248742
287-4.jpg,0.02248742
288-1.jpg,0.16965835
288-2.jpg,0.16965835
288-3.jpg,0.16965835
288-4.jpg,0.16965835
289-1.jpg,0.06803957
289-2.jpg,0.06803957
289-3.jpg,0.06803957
289-4.jpg,0.06803957
290-1.jpg,0.040352218
290-2.jpg,0.040352218
290-3.jpg,0.040352218
290-4.jpg,0.040352218
291-1.jpg,0.1714336
291-2.jpg,0.1714336
291-3.jpg,0.1714336
291-4.jpg,0.1714336
292-1.jpg,0.36998832
292-2.jpg,0.36998832
292-3.jpg,0.36998832
292-4.jpg,0.36998832
293-1.jpg,0.25749883
293-2.jpg,0.25749883
293-3.jpg,0.25749883
293-4.jpg,0.25749883
294-1.jpg,0.045673802
294-2.jpg,0.045673802
294-3.jpg,0.045673802
294-4.jpg,0.045673802
296-1.jpg,0.22874613
296-2.jpg,0.22874613
296-3.jpg,0.22874613
296-4.jpg,0.22874613
297-1.jpg,0.01509162
297-2.jpg,0.01509162
297-3.jpg,0.01509162
297-4.jpg,0.01509162
298-1.jpg,0.06722313
298-2.jpg,0.06722313
298-3.jpg,0.06722313
298-4.jpg,0.06722313
299-1.jpg,0.019047149
299-2.jpg,0.019047149
299-3.jpg,0.019047149
299-4.jpg,0.019047149
300-1.jpg,0.036913387
300-2.jpg,0.036913387
300-3.jpg,0.036913387
300-4.jpg,0.036913387
301-1.jpg,0.96935093
301-2.jpg,0.96935093
301-3.jpg,0.96935093
301-4.jpg,0.96935093
302-1.jpg,0.13745326
302-2.jpg,0.13745326
302-3.jpg,0.13745326
302-4.jpg,0.13745326
303-1.jpg,0.044913955
303-2.jpg,0.044913955
303-3.jpg,0.044913955
303-4.jpg,0.044913955
304-1.jpg,0.022816986
304-2.jpg,0.022816986
304-3.jpg,0.022816986
304-4.jpg,0.022816986
305-1.jpg,0.098423585
305-2.jpg,0.098423585
305-3.jpg,0.098423585
305-4.jpg,0.098423585
306-1.jpg,0.26213542
306-2.jpg,0.26213542
306-3.jpg,0.26213542
306-4.jpg,0.26213542
307-1.jpg,0.03714519
307-2.jpg,0.03714519
307-3.jpg,0.03714519
307-4.jpg,0.03714519
309-1.jpg,0.86017656
309-2.jpg,0.86017656
309-3.jpg,0.86017656
309-4.jpg,0.86017656
310-1.jpg,0.015305281
310-2.jpg,0.015305281
310-3.jpg,0.015305281
310-4.jpg,0.015305281
311-1.jpg,0.035662625
311-2.jpg,0.035662625
311-3.jpg,0.035662625
311-4.jpg,0.035662625
312-1.jpg,0.24010733
312-2.jpg,0.24010733
312-3.jpg,0.24010733
312-4.jpg,0.24010733
313-1.jpg,0.33896303
313-2.jpg,0.33896303
313-3.jpg,0.33896303
313-4.jpg,0.33896303
314-1.jpg,0.075807035
314-2.jpg,0.075807035
314-3.jpg,0.075807035
314-4.jpg,0.075807035
315-1.jpg,0.063989714
315-2.jpg,0.063989714
315-3.jpg,0.063989714
315-4.jpg,0.063989714
316-1.jpg,0.055467833
316-2.jpg,0.055467833
316-3.jpg,0.055467833
316-4.jpg,0.055467833
317-1.jpg,0.49498075
317-2.jpg,0.49498075
317-3.jpg,0.49498075
317-4.jpg,0.49498075
318-1.jpg,0.21510312
318-2.jpg,0.21510312
318-3.jpg,0.21510312
318-4.jpg,0.21510312
319-1.jpg,0.1119657
319-2.jpg,0.1119657
319-3.jpg,0.1119657
319-4.jpg,0.1119657
320-1.jpg,0.055650607
320-2.jpg,0.055650607
320-3.jpg,0.055650607
320-4.jpg,0.055650607
321-1.jpg,0.06202824
321-2.jpg,0.06202824
321-3.jpg,0.06202824
321-4.jpg,0.06202824
322-1.jpg,0.01571944
322-2.jpg,0.01571944
322-3.jpg,0.01571944
322-4.jpg,0.01571944
323-1.jpg,0.08384454
323-2.jpg,0.08384454
323-3.jpg,0.08384454
323-4.jpg,0.08384454
324-1.jpg,0.40548897
324-2.jpg,0.40548897
324-3.jpg,0.40548897
324-4.jpg,0.40548897
325-1.jpg,0.022396605
325-2.jpg,0.022396605
325-3.jpg,0.022396605
325-4.jpg,0.022396605
326-1.jpg,0.20571502
326-2.jpg,0.20571502
326-3.jpg,0.20571502
326-4.jpg,0.20571502
327-1.jpg,0.1272363
327-2.jpg,0.1272363
327-3.jpg,0.1272363
327-4.jpg,0.1272363
328-1.jpg,0.015560866
328-2.jpg,0.015560866
328-3.jpg,0.015560866
328-4.jpg,0.015560866
329-1.jpg,0.009775544
329-2.jpg,0.009775544
329-3.jpg,0.009775544
329-4.jpg,0.009775544
330-1.jpg,0.019972544
330-2.jpg,0.019972544
330-3.jpg,0.019972544
330-4.jpg,0.019972544
331-1.jpg,0.10571246
331-2.jpg,0.10571246
331-3.jpg,0.10571246
331-4.jpg,0.10571246
332-1.jpg,0.017408337
332-2.jpg,0.017408337
332-3.jpg,0.017408337
332-4.jpg,0.017408337
333-1.jpg,0.80479395
333-2.jpg,0.80479395
333-3.jpg,0.80479395
333-4.jpg,0.80479395
334-1.jpg,0.012972664
334-2.jpg,0.012972664
334-3.jpg,0.012972664
334-4.jpg,0.012972664
336-1.jpg,0.9553391
336-2.jpg,0.9553391
336-3.jpg,0.9553391
336-4.jpg,0.9553391
337-1.jpg,0.34227568
337-2.jpg,0.34227568
337-3.jpg,0.34227568
337-4.jpg,0.34227568
338-1.jpg,0.123195365
338-2.jpg,0.123195365
338-3.jpg,0.123195365
338-4.jpg,0.123195365
339-1.jpg,0.06735334
339-2.jpg,0.06735334
339-3.jpg,0.06735334
339-4.jpg,0.06735334
340-1.jpg,0.08286555
340-2.jpg,0.08286555
340-3.jpg,0.08286555
340-4.jpg,0.08286555
341-1.jpg,0.14899828
341-2.jpg,0.14899828
341-3.jpg,0.14899828
341-4.jpg,0.14899828
342-1.jpg,0.020069325
342-2.jpg,0.020069325
342-3.jpg,0.020069325
342-4.jpg,0.020069325
344-1.jpg,0.25168094
344-2.jpg,0.25168094
344-3.jpg,0.25168094
344-4.jpg,0.25168094
345-1.jpg,0.17667192
345-2.jpg,0.17667192
345-3.jpg,0.17667192
345-4.jpg,0.17667192
346-1.jpg,0.028438482
346-2.jpg,0.028438482
346-3.jpg,0.028438482
346-4.jpg,0.028438482
347-1.jpg,0.014026567
347-2.jpg,0.014026567
347-3.jpg,0.014026567
347-4.jpg,0.014026567
348-1.jpg,0.12934978
348-2.jpg,0.12934978
348-3.jpg,0.12934978
348-4.jpg,0.12934978
349-1.jpg,0.04981874
349-2.jpg,0.04981874
349-3.jpg,0.04981874
349-4.jpg,0.04981874
350-1.jpg,0.050841004
350-2.jpg,0.050841004
350-3.jpg,0.050841004
350-4.jpg,0.050841004
351-1.jpg,0.9957981
351-2.jpg,0.9957981
351-3.jpg,0.9957981
351-4.jpg,0.9957981
352-1.jpg,0.33393034
352-2.jpg,0.33393034
352-3.jpg,0.33393034
352-4.jpg,0.33393034
353-1.jpg,0.001656306
353-2.jpg,0.001656306
353-3.jpg,0.001656306
353-4.jpg,0.001656306
354-1.jpg,0.03842954
354-2.jpg,0.03842954
354-3.jpg,0.03842954
354-4.jpg,0.03842954
355-1.jpg,0.035666816
355-2.jpg,0.035666816
355-3.jpg,0.035666816
355-4.jpg,0.035666816
356-1.jpg,0.01929178
356-2.jpg,0.01929178
356-3.jpg,0.01929178
356-4.jpg,0.01929178
357-1.jpg,0.07113452
357-2.jpg,0.07113452
357-3.jpg,0.07113452
357-4.jpg,0.07113452
358-1.jpg,0.006013405
358-2.jpg,0.006013405
358-3.jpg,0.006013405
358-4.jpg,0.006013405
360-1.jpg,0.032216504
360-2.jpg,0.032216504
360-3.jpg,0.032216504
360-4.jpg,0.032216504
361-1.jpg,0.056252163
361-2.jpg,0.056252163
361-3.jpg,0.056252163
361-4.jpg,0.056252163
363-1.jpg,0.08492367
363-2.jpg,0.08492367
363-3.jpg,0.08492367
363-4.jpg,0.08492367
364-1.jpg,0.15811893
364-2.jpg,0.15811893
364-3.jpg,0.15811893
364-4.jpg,0.15811893
365-1.jpg,0.06060487
365-2.jpg,0.06060487
365-3.jpg,0.06060487
365-4.jpg,0.06060487
366-1.jpg,0.13303128
366-2.jpg,0.13303128
366-3.jpg,0.13303128
366-4.jpg,0.13303128
367-1.jpg,0.22842991
367-2.jpg,0.22842991
367-3.jpg,0.22842991
367-4.jpg,0.22842991
368-1.jpg,0.044837028
368-2.jpg,0.044837028
368-3.jpg,0.044837028
368-4.jpg,0.044837028
370-1.jpg,0.012887825
370-2.jpg,0.012887825
370-3.jpg,0.012887825
370-4.jpg,0.012887825
371-1.jpg,0.091263406
371-2.jpg,0.091263406
371-3.jpg,0.091263406
371-4.jpg,0.091263406
372-1.jpg,0.13213441
372-2.jpg,0.13213441
372-3.jpg,0.13213441
372-4.jpg,0.13213441
373-1.jpg,0.09091726
373-2.jpg,0.09091726
373-3.jpg,0.09091726
373-4.jpg,0.09091726
374-1.jpg,0.082034245
374-2.jpg,0.082034245
374-3.jpg,0.082034245
374-4.jpg,0.082034245
375-1.jpg,0.16447057
375-2.jpg,0.16447057
375-3.jpg,0.16447057
375-4.jpg,0.16447057
376-1.jpg,0.08836435
376-2.jpg,0.08836435
376-3.jpg,0.08836435
376-4.jpg,0.08836435
377-1.jpg,0.95829284
377-2.jpg,0.95829284
377-3.jpg,0.95829284
377-4.jpg,0.95829284
378-1.jpg,0.123571336
378-2.jpg,0.123571336
378-3.jpg,0.123571336
378-4.jpg,0.123571336
379-1.jpg,0.03470517
379-2.jpg,0.03470517
379-3.jpg,0.03470517
379-4.jpg,0.03470517
380-1.jpg,0.059257403
380-2.jpg,0.059257403
380-3.jpg,0.059257403
380-4.jpg,0.059257403
381-1.jpg,0.0067997845
381-2.jpg,0.0067997845
381-3.jpg,0.0067997845
381-4.jpg,0.0067997845
382-1.jpg,0.020029081
382-2.jpg,0.020029081
382-3.jpg,0.020029081
382-4.jpg,0.020029081
384-1.jpg,0.45202905
384-2.jpg,0.45202905
384-3.jpg,0.45202905
384-4.jpg,0.45202905
385-1.jpg,0.15290533
385-2.jpg,0.15290533
385-3.jpg,0.15290533
385-4.jpg,0.15290533
386-1.jpg,0.01480433
386-2.jpg,0.01480433
386-3.jpg,0.01480433
386-4.jpg,0.01480433
387-1.jpg,0.11958465
387-2.jpg,0.11958465
387-3.jpg,0.11958465
387-4.jpg,0.11958465
388-1.jpg,0.03307853
388-2.jpg,0.03307853
388-3.jpg,0.03307853
388-4.jpg,0.03307853
389-1.jpg,0.55901575
389-2.jpg,0.55901575
389-3.jpg,0.55901575
389-4.jpg,0.55901575
390-1.jpg,0.07431795
390-2.jpg,0.07431795
390-3.jpg,0.07431795
390-4.jpg,0.07431795
391-1.jpg,0.14965723
391-2.jpg,0.14965723
391-3.jpg,0.14965723
391-4.jpg,0.14965723
392-1.jpg,0.028259214
392-2.jpg,0.028259214
392-3.jpg,0.028259214
392-4.jpg,0.028259214
393-1.jpg,0.0700236
393-2.jpg,0.0700236
393-3.jpg,0.0700236
393-4.jpg,0.0700236
394-1.jpg,0.11879794
394-2.jpg,0.11879794
394-3.jpg,0.11879794
394-4.jpg,0.11879794
395-1.jpg,0.01276795
395-2.jpg,0.01276795
395-3.jpg,0.01276795
395-4.jpg,0.01276795
396-1.jpg,0.0095196655
396-2.jpg,0.0095196655
396-3.jpg,0.0095196655
396-4.jpg,0.0095196655
397-1.jpg,0.016520713
397-2.jpg,0.016520713
397-3.jpg,0.016520713
397-4.jpg,0.016520713
398-1.jpg,0.031287264
398-2.jpg,0.031287264
398-3.jpg,0.031287264
398-4.jpg,0.031287264
399-1.jpg,0.08229778
399-2.jpg,0.08229778
399-3.jpg,0.08229778
399-4.jpg,0.08229778
400-1.jpg,0.10282354
400-2.jpg,0.10282354
400-3.jpg,0.10282354
400-4.jpg,0.10282354
401-1.jpg,0.015376305
401-2.jpg,0.015376305
401-3.jpg,0.015376305
401-4.jpg,0.015376305
402-1.jpg,0.066845864
402-2.jpg,0.066845864
402-3.jpg,0.066845864
402-4.jpg,0.066845864
404-1.jpg,0.013417031
404-2.jpg,0.013417031
404-3.jpg,0.013417031
404-4.jpg,0.013417031
405-1.jpg,0.0062206658
405-2.jpg,0.0062206658
405-3.jpg,0.0062206658
405-4.jpg,0.0062206658
406-1.jpg,0.013323028
406-2.jpg,0.013323028
406-3.jpg,0.013323028
406-4.jpg,0.013323028
407-1.jpg,0.15123908
407-2.jpg,0.15123908
407-3.jpg,0.15123908
407-4.jpg,0.15123908
408-1.jpg,0.08483462
408-2.jpg,0.08483462
408-3.jpg,0.08483462
408-4.jpg,0.08483462
409-1.jpg,0.15405452
409-2.jpg,0.15405452
409-3.jpg,0.15405452
409-4.jpg,0.15405452
410-1.jpg,0.21223429
410-2.jpg,0.21223429
410-3.jpg,0.21223429
410-4.jpg,0.21223429
412-1.jpg,0.08587818
412-2.jpg,0.08587818
412-3.jpg,0.08587818
412-4.jpg,0.08587818
413-1.jpg,0.61589694
413-2.jpg,0.61589694
413-3.jpg,0.61589694
413-4.jpg,0.61589694
414-1.jpg,0.69708437
414-2.jpg,0.69708437
414-3.jpg,0.69708437
414-4.jpg,0.69708437
415-1.jpg,0.014813941
415-2.jpg,0.014813941
415-3.jpg,0.014813941
415-4.jpg,0.014813941
416-1.jpg,0.005853368
416-2.jpg,0.005853368
416-3.jpg,0.005853368
416-4.jpg,0.005853368
417-1.jpg,0.010566124
417-2.jpg,0.010566124
417-3.jpg,0.010566124
417-4.jpg,0.010566124
418-1.jpg,0.046401948
418-2.jpg,0.046401948
418-3.jpg,0.046401948
418-4.jpg,0.046401948
419-1.jpg,0.42210728
419-2.jpg,0.42210728
419-3.jpg,0.42210728
419-4.jpg,0.42210728
420-1.jpg,0.047603637
420-2.jpg,0.047603637
420-3.jpg,0.047603637
420-4.jpg,0.047603637
421-1.jpg,0.18777548
421-2.jpg,0.18777548
421-3.jpg,0.18777548
421-4.jpg,0.18777548
422-1.jpg,0.0294539
422-2.jpg,0.0294539
422-3.jpg,0.0294539
422-4.jpg,0.0294539
423-1.jpg,0.014743017
423-2.jpg,0.014743017
423-3.jpg,0.014743017
423-4.jpg,0.014743017
424-1.jpg,0.9086131
424-2.jpg,0.9086131
424-3.jpg,0.9086131
424-4.jpg,0.9086131
425-1.jpg,0.0086190775
425-2.jpg,0.0086190775
425-3.jpg,0.0086190775
425-4.jpg,0.0086190775
426-1.jpg,0.13815638
426-2.jpg,0.13815638
426-3.jpg,0.13815638
426-4.jpg,0.13815638
427-1.jpg,0.020578135
427-2.jpg,0.020578135
427-3.jpg,0.020578135
427-4.jpg,0.020578135
428-1.jpg,0.037036493
428-2.jpg,0.037036493
428-3.jpg,0.037036493
428-4.jpg,0.037036493
429-1.jpg,0.541785
429-2.jpg,0.541785
429-3.jpg,0.541785
429-4.jpg,0.541785
430-1.jpg,0.037379045
430-2.jpg,0.037379045
430-3.jpg,0.037379045
430-4.jpg,0.037379045
432-1.jpg,0.07207442
432-2.jpg,0.07207442
432-3.jpg,0.07207442
432-4.jpg,0.07207442
433-1.jpg,0.06791829
433-2.jpg,0.06791829
433-3.jpg,0.06791829
433-4.jpg,0.06791829
434-1.jpg,0.123408355
434-2.jpg,0.123408355
434-3.jpg,0.123408355
434-4.jpg,0.123408355
435-1.jpg,0.06917314
435-2.jpg,0.06917314
435-3.jpg,0.06917314
435-4.jpg,0.06917314
436-1.jpg,0.36668262
436-2.jpg,0.36668262
436-3.jpg,0.36668262
436-4.jpg,0.36668262
437-1.jpg,0.110947646
437-2.jpg,0.110947646
437-3.jpg,0.110947646
437-4.jpg,0.110947646
438-1.jpg,0.89851654
438-2.jpg,0.89851654
438-3.jpg,0.89851654
438-4.jpg,0.89851654
439-1.jpg,0.013162872
439-2.jpg,0.013162872
439-3.jpg,0.013162872
439-4.jpg,0.013162872
440-1.jpg,0.12408775
440-2.jpg,0.12408775
440-3.jpg,0.12408775
440-4.jpg,0.12408775
441-1.jpg,0.12688582
441-2.jpg,0.12688582
441-3.jpg,0.12688582
441-4.jpg,0.12688582
442-1.jpg,0.024034325
442-2.jpg,0.024034325
442-3.jpg,0.024034325
442-4.jpg,0.024034325
443-1.jpg,0.14686787
443-2.jpg,0.14686787
443-3.jpg,0.14686787
443-4.jpg,0.14686787
444-1.jpg,0.16313806
444-2.jpg,0.16313806
444-3.jpg,0.16313806
444-4.jpg,0.16313806
445-1.jpg,0.04700105
445-2.jpg,0.04700105
445-3.jpg,0.04700105
445-4.jpg,0.04700105
446-1.jpg,0.04452691
446-2.jpg,0.04452691
446-3.jpg,0.04452691
446-4.jpg,0.04452691
447-1.jpg,0.88220394
447-2.jpg,0.88220394
447-3.jpg,0.88220394
447-4.jpg,0.88220394
448-1.jpg,0.025306184
448-2.jpg,0.025306184
448-3.jpg,0.025306184
448-4.jpg,0.025306184
449-1.jpg,0.023692321
449-2.jpg,0.023692321
449-3.jpg,0.023692321
449-4.jpg,0.023692321
450-1.jpg,0.13968858
450-2.jpg,0.13968858
450-3.jpg,0.13968858
450-4.jpg,0.13968858
451-1.jpg,0.53946984
451-2.jpg,0.53946984
451-3.jpg,0.53946984
451-4.jpg,0.53946984
452-1.jpg,0.006053917
452-2.jpg,0.006053917
452-3.jpg,0.006053917
452-4.jpg,0.006053917
453-1.jpg,0.013123687
453-2.jpg,0.013123687
453-3.jpg,0.013123687
453-4.jpg,0.013123687
454-1.jpg,0.10470931
454-2.jpg,0.10470931
454-3.jpg,0.10470931
454-4.jpg,0.10470931
455-1.jpg,0.021475062
455-2.jpg,0.021475062
455-3.jpg,0.021475062
455-4.jpg,0.021475062
456-1.jpg,0.018402291
456-2.jpg,0.018402291
456-3.jpg,0.018402291
456-4.jpg,0.018402291
457-1.jpg,0.03029018
457-2.jpg,0.03029018
457-3.jpg,0.03029018
457-4.jpg,0.03029018
458-1.jpg,0.034874227
458-2.jpg,0.034874227
458-3.jpg,0.034874227
458-4.jpg,0.034874227
459-1.jpg,0.15614432
459-2.jpg,0.15614432
459-3.jpg,0.15614432
459-4.jpg,0.15614432
460-1.jpg,0.30056202
460-2.jpg,0.30056202
460-3.jpg,0.30056202
460-4.jpg,0.30056202
461-1.jpg,0.47172606
461-2.jpg,0.47172606
461-3.jpg,0.47172606
461-4.jpg,0.47172606
462-1.jpg,0.08176127
462-2.jpg,0.08176127
462-3.jpg,0.08176127
462-4.jpg,0.08176127
463-1.jpg,0.014358228
463-2.jpg,0.014358228
463-3.jpg,0.014358228
463-4.jpg,0.014358228
464-1.jpg,0.5869903
464-2.jpg,0.5869903
464-3.jpg,0.5869903
464-4.jpg,0.5869903
465-1.jpg,0.019787965
465-2.jpg,0.019787965
465-3.jpg,0.019787965
465-4.jpg,0.019787965
466-1.jpg,0.017942326
466-2.jpg,0.017942326
466-3.jpg,0.017942326
466-4.jpg,0.017942326
467-1.jpg,0.0016687647
467-2.jpg,0.0016687647
467-3.jpg,0.0016687647
467-4.jpg,0.0016687647
468-1.jpg,0.02896779
468-2.jpg,0.02896779
468-3.jpg,0.02896779
468-4.jpg,0.02896779
470-1.jpg,0.032936335
470-2.jpg,0.032936335
470-3.jpg,0.032936335
470-4.jpg,0.032936335
471-1.jpg,0.0745742
471-2.jpg,0.0745742
471-3.jpg,0.0745742
471-4.jpg,0.0745742
472-1.jpg,0.045150995
472-2.jpg,0.045150995
472-3.jpg,0.045150995
472-4.jpg,0.045150995
473-1.jpg,0.059542
473-2.jpg,0.059542
473-3.jpg,0.059542
473-4.jpg,0.059542
474-1.jpg,0.65636504
474-2.jpg,0.65636504
474-3.jpg,0.65636504
474-4.jpg,0.65636504
475-1.jpg,0.5205775
475-2.jpg,0.5205775
475-3.jpg,0.5205775
475-4.jpg,0.5205775
476-1.jpg,0.033552412
476-2.jpg,0.033552412
476-3.jpg,0.033552412
476-4.jpg,0.033552412
477-1.jpg,0.04364319
477-2.jpg,0.04364319
477-3.jpg,0.04364319
477-4.jpg,0.04364319
478-1.jpg,0.021941688
478-2.jpg,0.021941688
478-3.jpg,0.021941688
478-4.jpg,0.021941688
479-1.jpg,0.04748738
479-2.jpg,0.04748738
479-3.jpg,0.04748738
479-4.jpg,0.04748738
480-1.jpg,0.124258436
480-2.jpg,0.124258436
480-3.jpg,0.124258436
480-4.jpg,0.124258436
481-1.jpg,0.06705323
481-2.jpg,0.06705323
481-3.jpg,0.06705323
481-4.jpg,0.06705323
482-1.jpg,0.94649917
482-2.jpg,0.94649917
482-3.jpg,0.94649917
482-4.jpg,0.94649917
483-1.jpg,0.32262486
483-2.jpg,0.32262486
483-3.jpg,0.32262486
483-4.jpg,0.32262486
484-1.jpg,0.3232891
484-2.jpg,0.3232891
484-3.jpg,0.3232891
484-4.jpg,0.3232891
485-1.jpg,0.10502833
485-2.jpg,0.10502833
485-3.jpg,0.10502833
485-4.jpg,0.10502833
486-1.jpg,0.041980527
486-2.jpg,0.041980527
486-3.jpg,0.041980527
486-4.jpg,0.041980527
487-1.jpg,0.071018815
487-2.jpg,0.071018815
487-3.jpg,0.071018815
487-4.jpg,0.071018815
488-1.jpg,0.078972146
488-2.jpg,0.078972146
488-3.jpg,0.078972146
488-4.jpg,0.078972146
489-1.jpg,0.19483362
489-2.jpg,0.19483362
489-3.jpg,0.19483362
489-4.jpg,0.19483362
490-1.jpg,0.67425627
490-2.jpg,0.67425627
490-3.jpg,0.67425627
490-4.jpg,0.67425627
491-1.jpg,0.024386015
491-2.jpg,0.024386015
491-3.jpg,0.024386015
491-4.jpg,0.024386015
492-1.jpg,0.039820924
492-2.jpg,0.039820924
492-3.jpg,0.039820924
492-4.jpg,0.039820924
493-1.jpg,0.067791566
493-2.jpg,0.067791566
493-3.jpg,0.067791566
493-4.jpg,0.067791566
494-1.jpg,0.04773912
494-2.jpg,0.04773912
494-3.jpg,0.04773912
494-4.jpg,0.04773912
495-1.jpg,0.04193297
495-2.jpg,0.04193297
495-3.jpg,0.04193297
495-4.jpg,0.04193297
496-1.jpg,0.22159395
496-2.jpg,0.22159395
496-3.jpg,0.22159395
496-4.jpg,0.22159395
497-1.jpg,0.012443119
497-2.jpg,0.012443119
497-3.jpg,0.012443119
497-4.jpg,0.012443119
498-1.jpg,0.0138604725
498-2.jpg,0.0138604725
498-3.jpg,0.0138604725
498-4.jpg,0.0138604725
499-1.jpg,0.076924525
499-2.jpg,0.076924525
499-3.jpg,0.076924525
499-4.jpg,0.076924525
501-1.jpg,0.09112327
501-2.jpg,0.09112327
501-3.jpg,0.09112327
501-4.jpg,0.09112327
502-1.jpg,0.041091565
502-2.jpg,0.041091565
502-3.jpg,0.041091565
502-4.jpg,0.041091565
503-1.jpg,0.13694794
503-2.jpg,0.13694794
503-3.jpg,0.13694794
503-4.jpg,0.13694794
504-1.jpg,0.07588384
504-2.jpg,0.07588384
504-3.jpg,0.07588384
504-4.jpg,0.07588384
505-1.jpg,0.01953461
505-2.jpg,0.01953461
505-3.jpg,0.01953461
505-4.jpg,0.01953461
506-1.jpg,0.04696232
506-2.jpg,0.04696232
506-3.jpg,0.04696232
506-4.jpg,0.04696232
507-1.jpg,0.09748286
507-2.jpg,0.09748286
507-3.jpg,0.09748286
507-4.jpg,0.09748286
508-1.jpg,0.00735131
508-2.jpg,0.00735131
508-3.jpg,0.00735131
508-4.jpg,0.00735131
509-1.jpg,0.46577424
509-2.jpg,0.46577424
509-3.jpg,0.46577424
509-4.jpg,0.46577424
510-1.jpg,0.053223267
510-2.jpg,0.053223267
510-3.jpg,0.053223267
510-4.jpg,0.053223267
511-1.jpg,0.082258835
511-2.jpg,0.082258835
511-3.jpg,0.082258835
511-4.jpg,0.082258835
513-1.jpg,0.030850716
513-2.jpg,0.030850716
513-3.jpg,0.030850716
513-4.jpg,0.030850716
514-1.jpg,0.084629975
514-2.jpg,0.084629975
514-3.jpg,0.084629975
514-4.jpg,0.084629975
515-1.jpg,0.10708318
515-2.jpg,0.10708318
515-3.jpg,0.10708318
515-4.jpg,0.10708318
516-1.jpg,0.8912105
516-2.jpg,0.8912105
516-3.jpg,0.8912105
516-4.jpg,0.8912105
517-1.jpg,0.058321297
517-2.jpg,0.058321297
517-3.jpg,0.058321297
517-4.jpg,0.058321297
519-1.jpg,0.14040473
519-2.jpg,0.14040473
519-3.jpg,0.14040473
519-4.jpg,0.14040473
520-1.jpg,0.92791754
520-2.jpg,0.92791754
520-3.jpg,0.92791754
520-4.jpg,0.92791754
521-1.jpg,0.019117974
521-2.jpg,0.019117974
521-3.jpg,0.019117974
521-4.jpg,0.019117974
522-1.jpg,0.05224133
522-2.jpg,0.05224133
522-3.jpg,0.05224133
522-4.jpg,0.05224133
523-1.jpg,0.07966933
523-2.jpg,0.07966933
523-3.jpg,0.07966933
523-4.jpg,0.07966933
526-1.jpg,0.15812227
526-2.jpg,0.15812227
526-3.jpg,0.15812227
526-4.jpg,0.15812227
527-1.jpg,0.05044671
527-2.jpg,0.05044671
527-3.jpg,0.05044671
527-4.jpg,0.05044671
528-1.jpg,0.053863294
528-2.jpg,0.053863294
528-3.jpg,0.053863294
528-4.jpg,0.053863294
529-1.jpg,0.002335408
529-2.jpg,0.002335408
529-3.jpg,0.002335408
529-4.jpg,0.002335408
531-1.jpg,0.03843288
531-2.jpg,0.03843288
531-3.jpg,0.03843288
531-4.jpg,0.03843288
532-1.jpg,0.022165835
532-2.jpg,0.022165835
532-3.jpg,0.022165835
532-4.jpg,0.022165835
533-1.jpg,0.09587782
533-2.jpg,0.09587782
533-3.jpg,0.09587782
533-4.jpg,0.09587782
534-1.jpg,0.020020768
534-2.jpg,0.020020768
534-3.jpg,0.020020768
534-4.jpg,0.020020768
535-1.jpg,0.0151712205
535-2.jpg,0.0151712205
535-3.jpg,0.0151712205
535-4.jpg,0.0151712205
536-1.jpg,0.01760636
536-2.jpg,0.01760636
536-3.jpg,0.01760636
536-4.jpg,0.01760636
537-1.jpg,0.17403065
537-2.jpg,0.17403065
537-3.jpg,0.17403065
537-4.jpg,0.17403065
538-1.jpg,0.25030357
538-2.jpg,0.25030357
538-3.jpg,0.25030357
538-4.jpg,0.25030357
539-1.jpg,0.007994658
539-2.jpg,0.007994658
539-3.jpg,0.007994658
539-4.jpg,0.007994658
540-1.jpg,0.05487831
540-2.jpg,0.05487831
540-3.jpg,0.05487831
540-4.jpg,0.05487831
541-1.jpg,0.08170834
541-2.jpg,0.08170834
541-3.jpg,0.08170834
541-4.jpg,0.08170834
542-1.jpg,0.763244
542-2.jpg,0.763244
542-3.jpg,0.763244
542-4.jpg,0.763244
543-1.jpg,0.18317558
543-2.jpg,0.18317558
543-3.jpg,0.18317558
543-4.jpg,0.18317558
544-1.jpg,0.019615127
544-2.jpg,0.019615127
544-3.jpg,0.019615127
544-4.jpg,0.019615127
545-1.jpg,0.012662567
545-2.jpg,0.012662567
545-3.jpg,0.012662567
545-4.jpg,0.012662567
546-1.jpg,0.053918865
546-2.jpg,0.053918865
546-3.jpg,0.053918865
546-4.jpg,0.053918865
547-1.jpg,0.010166523
547-2.jpg,0.010166523
547-3.jpg,0.010166523
547-4.jpg,0.010166523
548-1.jpg,0.14475052
548-2.jpg,0.14475052
548-3.jpg,0.14475052
548-4.jpg,0.14475052
549-1.jpg,0.036259156
549-2.jpg,0.036259156
549-3.jpg,0.036259156
549-4.jpg,0.036259156
550-1.jpg,0.26096725
550-2.jpg,0.26096725
550-3.jpg,0.26096725
550-4.jpg,0.26096725
552-1.jpg,0.00990358
552-2.jpg,0.00990358
552-3.jpg,0.00990358
552-4.jpg,0.00990358
553-1.jpg,0.025912855
553-2.jpg,0.025912855
553-3.jpg,0.025912855
553-4.jpg,0.025912855
554-1.jpg,0.7470455
554-2.jpg,0.7470455
554-3.jpg,0.7470455
554-4.jpg,0.7470455
555-1.jpg,0.024654329
555-2.jpg,0.024654329
555-3.jpg,0.024654329
555-4.jpg,0.024654329
556-1.jpg,0.018203124
556-2.jpg,0.018203124
556-3.jpg,0.018203124
556-4.jpg,0.018203124
558-1.jpg,0.4663556
558-2.jpg,0.4663556
558-3.jpg,0.4663556
558-4.jpg,0.4663556
559-1.jpg,0.16656142
559-2.jpg,0.16656142
559-3.jpg,0.16656142
559-4.jpg,0.16656142
560-1.jpg,0.0025544101
560-2.jpg,0.0025544101
560-3.jpg,0.0025544101
560-4.jpg,0.0025544101
562-1.jpg,0.41874725
562-2.jpg,0.41874725
562-3.jpg,0.41874725
562-4.jpg,0.41874725
563-1.jpg,0.03863256
563-2.jpg,0.03863256
563-3.jpg,0.03863256
563-4.jpg,0.03863256
564-1.jpg,0.15899557
564-2.jpg,0.15899557
564-3.jpg,0.15899557
564-4.jpg,0.15899557
565-1.jpg,0.038965646
565-2.jpg,0.038965646
565-3.jpg,0.038965646
565-4.jpg,0.038965646
566-1.jpg,0.9727775
566-2.jpg,0.9727775
566-3.jpg,0.9727775
566-4.jpg,0.9727775
567-1.jpg,0.016967278
567-2.jpg,0.016967278
567-3.jpg,0.016967278
567-4.jpg,0.016967278
568-1.jpg,0.042776316
568-2.jpg,0.042776316
568-3.jpg,0.042776316
568-4.jpg,0.042776316
569-1.jpg,0.7562262
569-2.jpg,0.7562262
569-3.jpg,0.7562262
569-4.jpg,0.7562262
570-1.jpg,0.09733436
570-2.jpg,0.09733436
570-3.jpg,0.09733436
570-4.jpg,0.09733436
571-1.jpg,0.007660956
571-2.jpg,0.007660956
571-3.jpg,0.007660956
571-4.jpg,0.007660956
572-1.jpg,0.014513688
572-2.jpg,0.014513688
572-3.jpg,0.014513688
572-4.jpg,0.014513688
573-1.jpg,0.0486864
573-2.jpg,0.0486864
573-3.jpg,0.0486864
573-4.jpg,0.0486864
574-1.jpg,0.33845374
574-2.jpg,0.33845374
574-3.jpg,0.33845374
574-4.jpg,0.33845374
575-1.jpg,0.16827147
575-2.jpg,0.16827147
575-3.jpg,0.16827147
575-4.jpg,0.16827147
576-1.jpg,0.026632112
576-2.jpg,0.026632112
576-3.jpg,0.026632112
576-4.jpg,0.026632112
577-1.jpg,0.061733004
577-2.jpg,0.061733004
577-3.jpg,0.061733004
577-4.jpg,0.061733004
578-1.tif,0.04543077
578-2.tif,0.04543077
578-3.tif,0.04543077
578-4.tif,0.04543077
579-1.jpg,0.010463091
579-2.jpg,0.010463091
579-3.jpg,0.010463091
579-4.jpg,0.010463091
580-1.jpg,0.17170587
580-2.jpg,0.17170587
580-3.jpg,0.17170587
580-4.jpg,0.17170587
582-1.jpg,0.07782313
582-2.jpg,0.07782313
582-3.jpg,0.07782313
582-4.jpg,0.07782313
583-1.jpg,0.06596786
583-2.jpg,0.06596786
583-3.jpg,0.06596786
583-4.jpg,0.06596786
584-1.jpg,0.0052453415
584-2.jpg,0.0052453415
584-3.jpg,0.0052453415
584-4.jpg,0.0052453415
586-1.jpg,0.02495537
586-2.jpg,0.02495537
586-3.jpg,0.02495537
586-4.jpg,0.02495537
587-1.jpg,0.04314111
587-2.jpg,0.04314111
587-3.jpg,0.04314111
587-4.jpg,0.04314111
588-1.jpg,0.017789274
588-2.jpg,0.017789274
588-3.jpg,0.017789274
588-4.jpg,0.017789274
589-1.jpg,0.44631106
589-2.jpg,0.44631106
589-3.jpg,0.44631106
589-4.jpg,0.44631106
590-1.jpg,0.3917858
590-2.jpg,0.3917858
590-3.jpg,0.3917858
590-4.jpg,0.3917858
591-1.jpg,0.0062487945
591-2.jpg,0.0062487945
591-3.jpg,0.0062487945
591-4.jpg,0.0062487945
592-1.jpg,0.13185573
592-2.jpg,0.13185573
592-3.jpg,0.13185573
592-4.jpg,0.13185573
593-1.jpg,0.017749919
593-2.jpg,0.017749919
593-3.jpg,0.017749919
593-4.jpg,0.017749919
595-1.jpg,0.19879664
595-2.jpg,0.19879664
595-3.jpg,0.19879664
595-4.jpg,0.19879664
596-1.jpg,0.041394852
596-2.jpg,0.041394852
596-3.jpg,0.041394852
596-4.jpg,0.041394852
597-1.jpg,0.07691258
597-2.jpg,0.07691258
597-3.jpg,0.07691258
597-4.jpg,0.07691258
598-1.jpg,0.061120503
598-2.jpg,0.061120503
598-3.jpg,0.061120503
598-4.jpg,0.061120503
599-1.jpg,0.06449634
599-2.jpg,0.06449634
599-3.jpg,0.06449634
599-4.jpg,0.06449634
600-1.jpg,0.064764276
600-2.jpg,0.064764276
600-3.jpg,0.064764276
600-4.jpg,0.064764276
601-1.jpg,0.062663324
601-2.jpg,0.062663324
601-3.jpg,0.062663324
601-4.jpg,0.062663324
602-1.jpg,0.0498069
602-2.jpg,0.0498069
602-3.jpg,0.0498069
602-4.jpg,0.0498069
603-1.jpg,0.023639204
603-2.jpg,0.023639204
603-3.jpg,0.023639204
603-4.jpg,0.023639204
604-1.jpg,0.71160734
604-2.jpg,0.71160734
604-3.jpg,0.71160734
604-4.jpg,0.71160734
605-1.jpg,0.046665996
605-2.jpg,0.046665996
605-3.jpg,0.046665996
605-4.jpg,0.046665996
606-1.jpg,0.030574141
606-2.jpg,0.030574141
606-3.jpg,0.030574141
606-4.jpg,0.030574141
607-1.jpg,0.9500334
607-2.jpg,0.9500334
607-3.jpg,0.9500334
607-4.jpg,0.9500334
608-1.jpg,0.013454739
608-2.jpg,0.013454739
608-3.jpg,0.013454739
608-4.jpg,0.013454739
609-1.jpg,0.96750355
609-2.jpg,0.96750355
609-3.jpg,0.96750355
609-4.jpg,0.96750355
610-1.jpg,0.08601668
610-2.jpg,0.08601668
610-3.jpg,0.08601668
610-4.jpg,0.08601668
611-1.jpg,0.75409955
611-2.jpg,0.75409955
611-3.jpg,0.75409955
611-4.jpg,0.75409955
612-1.jpg,0.017540865
612-2.jpg,0.017540865
612-3.jpg,0.017540865
612-4.jpg,0.017540865
613-1.jpg,0.2510287
613-2.jpg,0.2510287
613-3.jpg,0.2510287
613-4.jpg,0.2510287
614-1.jpg,0.026108667
614-2.jpg,0.026108667
614-3.jpg,0.026108667
614-4.jpg,0.026108667
615-1.jpg,0.025516577
615-2.jpg,0.025516577
615-3.jpg,0.025516577
615-4.jpg,0.025516577
616-1.jpg,0.05975918
616-2.jpg,0.05975918
616-3.jpg,0.05975918
616-4.jpg,0.05975918
617-1.jpg,0.03967531
617-2.jpg,0.03967531
617-3.jpg,0.03967531
617-4.jpg,0.03967531
618-1.jpg,0.03905486
618-2.jpg,0.03905486
618-3.jpg,0.03905486
618-4.jpg,0.03905486
619-1.jpg,0.4256153
619-2.jpg,0.4256153
619-3.jpg,0.4256153
619-4.jpg,0.4256153
620-1.jpg,0.042197585
620-2.jpg,0.042197585
620-3.jpg,0.042197585
620-4.jpg,0.042197585
621-1.jpg,0.043733846
621-2.jpg,0.043733846
621-3.jpg,0.043733846
621-4.jpg,0.043733846
622-1.jpg,0.012177126
622-2.jpg,0.012177126
622-3.jpg,0.012177126
622-4.jpg,0.012177126
624-1.jpg,0.17944263
624-2.jpg,0.17944263
624-3.jpg,0.17944263
624-4.jpg,0.17944263
625-1.jpg,0.06663622
625-2.jpg,0.06663622
625-3.jpg,0.06663622
625-4.jpg,0.06663622
626-1.jpg,0.009823794
626-2.jpg,0.009823794
626-3.jpg,0.009823794
626-4.jpg,0.009823794
627-1.jpg,0.059649937
627-2.jpg,0.059649937
627-3.jpg,0.059649937
627-4.jpg,0.059649937
628-1.jpg,0.016699806
628-2.jpg,0.016699806
628-3.jpg,0.016699806
628-4.jpg,0.016699806
630-1.jpg,0.03798685
630-2.jpg,0.03798685
630-3.jpg,0.03798685
630-4.jpg,0.03798685
631-1.jpg,0.13848194
631-2.jpg,0.13848194
631-3.jpg,0.13848194
631-4.jpg,0.13848194
632-1.jpg,0.16313693
632-2.jpg,0.16313693
632-3.jpg,0.16313693
632-4.jpg,0.16313693
633-1.jpg,0.12836793
633-2.jpg,0.12836793
633-3.jpg,0.12836793
633-4.jpg,0.12836793
634-1.jpg,0.17386506
634-2.jpg,0.17386506
634-3.jpg,0.17386506
634-4.jpg,0.17386506
635-1.jpg,0.007912741
635-2.jpg,0.007912741
635-3.jpg,0.007912741
635-4.jpg,0.007912741
636-1.jpg,0.070679836
636-2.jpg,0.070679836
636-3.jpg,0.070679836
636-4.jpg,0.070679836
637-1.jpg,0.038104203
637-2.jpg,0.038104203
637-3.jpg,0.038104203
637-4.jpg,0.038104203
638-1.jpg,0.024388582
638-2.jpg,0.024388582
638-3.jpg,0.024388582
638-4.jpg,0.024388582
639-1.jpg,0.05355361
639-2.jpg,0.05355361
639-3.jpg,0.05355361
639-4.jpg,0.05355361
640-1.jpg,0.06427923
640-2.jpg,0.06427923
640-3.jpg,0.06427923
640-4.jpg,0.06427923
641-1.jpg,0.5988864
641-2.jpg,0.5988864
641-3.jpg,0.5988864
641-4.jpg,0.5988864
642-1.jpg,0.1143253
642-2.jpg,0.1143253
642-3.jpg,0.1143253
642-4.jpg,0.1143253
643-1.jpg,0.0057001603
643-2.jpg,0.0057001603
643-3.jpg,0.0057001603
643-4.jpg,0.0057001603
644-1.jpg,0.18825492
644-2.jpg,0.18825492
644-3.jpg,0.18825492
644-4.jpg,0.18825492
645-1.jpg,0.03680799
645-2.jpg,0.03680799
645-3.jpg,0.03680799
645-4.jpg,0.03680799
646-1.jpg,0.15720904
646-2.jpg,0.15720904
646-3.jpg,0.15720904
646-4.jpg,0.15720904
647-1.jpg,0.05510912
647-2.jpg,0.05510912
647-3.jpg,0.05510912
647-4.jpg,0.05510912
648-1.jpg,0.11466776
648-2.jpg,0.11466776
648-3.jpg,0.11466776
648-4.jpg,0.11466776
649-1.jpg,0.10506276
649-2.jpg,0.10506276
649-3.jpg,0.10506276
649-4.jpg,0.10506276
650-1.jpg,0.7608572
650-2.jpg,0.7608572
650-3.jpg,0.7608572
650-4.jpg,0.7608572
651-1.jpg,0.02620401
651-2.jpg,0.02620401
651-3.jpg,0.02620401
651-4.jpg,0.02620401
652-1.jpg,0.00917735
652-2.jpg,0.00917735
652-3.jpg,0.00917735
652-4.jpg,0.00917735
653-1.jpg,0.043578226
653-2.jpg,0.043578226
653-3.jpg,0.043578226
653-4.jpg,0.043578226
654-1.jpg,0.0029860595
654-2.jpg,0.0029860595
654-3.jpg,0.0029860595
654-4.jpg,0.0029860595
655-1.jpg,0.00460847
655-2.jpg,0.00460847
655-3.jpg,0.00460847
655-4.jpg,0.00460847
656-1.jpg,0.007541766
656-2.jpg,0.007541766
656-3.jpg,0.007541766
656-4.jpg,0.007541766
657-1.jpg,0.81378156
657-2.jpg,0.81378156
657-3.jpg,0.81378156
657-4.jpg,0.81378156
658-1.jpg,0.025222275
658-2.jpg,0.025222275
658-3.jpg,0.025222275
658-4.jpg,0.025222275
660-1.jpg,0.9604953
660-2.jpg,0.9604953
660-3.jpg,0.9604953
660-4.jpg,0.9604953
661-1.jpg,0.20863956
661-2.jpg,0.20863956
661-3.jpg,0.20863956
661-4.jpg,0.20863956
662-1.jpg,0.044100158
662-2.jpg,0.044100158
662-3.jpg,0.044100158
662-4.jpg,0.044100158
663-1.jpg,0.46391594
663-2.jpg,0.46391594
663-3.jpg,0.46391594
663-4.jpg,0.46391594
664-1.jpg,0.24649674
664-2.jpg,0.24649674
664-3.jpg,0.24649674
664-4.jpg,0.24649674
665-1.jpg,0.06506785
665-2.jpg,0.06506785
665-3.jpg,0.06506785
665-4.jpg,0.06506785
666-1.jpg,0.1101971
666-2.jpg,0.1101971
666-3.jpg,0.1101971
666-4.jpg,0.1101971
667-1.jpg,0.004095421
667-2.jpg,0.004095421
667-3.jpg,0.004095421
667-4.jpg,0.004095421
668-1.jpg,0.17401412
668-2.jpg,0.17401412
668-3.jpg,0.17401412
668-4.jpg,0.17401412
669-1.jpg,0.115735926
669-2.jpg,0.115735926
669-3.jpg,0.115735926
669-4.jpg,0.115735926
670-1.jpg,0.02394213
670-2.jpg,0.02394213
670-3.jpg,0.02394213
670-4.jpg,0.02394213
671-1.jpg,0.92072797
671-2.jpg,0.92072797
671-3.jpg,0.92072797
671-4.jpg,0.92072797
672-1.jpg,0.094994396
672-2.jpg,0.094994396
672-3.jpg,0.094994396
672-4.jpg,0.094994396
673-1.jpg,0.08326654
673-2.jpg,0.08326654
673-3.jpg,0.08326654
673-4.jpg,0.08326654
674-1.jpg,0.19614765
674-2.jpg,0.19614765
674-3.jpg,0.19614765
674-4.jpg,0.19614765
675-1.jpg,0.016149584
675-2.jpg,0.016149584
675-3.jpg,0.016149584
675-4.jpg,0.016149584
676-1.jpg,0.03767678
676-2.jpg,0.03767678
676-3.jpg,0.03767678
676-4.jpg,0.03767678
677-1.jpg,0.064315945
677-2.jpg,0.064315945
677-3.jpg,0.064315945
677-4.jpg,0.064315945
678-1.jpg,0.08210486
678-2.jpg,0.08210486
678-3.jpg,0.08210486
678-4.jpg,0.08210486
679-1.jpg,0.10125528
679-2.jpg,0.10125528
679-3.jpg,0.10125528
679-4.jpg,0.10125528
680-1.jpg,0.0777062
680-2.jpg,0.0777062
680-3.jpg,0.0777062
680-4.jpg,0.0777062
681-1.jpg,0.04717828
681-2.jpg,0.04717828
681-3.jpg,0.04717828
681-4.jpg,0.04717828
682-1.jpg,0.21569277
682-2.jpg,0.21569277
682-3.jpg,0.21569277
682-4.jpg,0.21569277
683-1.jpg,0.034928717
683-2.jpg,0.034928717
683-3.jpg,0.034928717
683-4.jpg,0.034928717
684-1.jpg,0.09344239
684-2.jpg,0.09344239
684-3.jpg,0.09344239
684-4.jpg,0.09344239
685-1.jpg,0.09964482
685-2.jpg,0.09964482
685-3.jpg,0.09964482
685-4.jpg,0.09964482
686-1.jpg,0.06922157
686-2.jpg,0.06922157
686-3.jpg,0.06922157
686-4.jpg,0.06922157
687-1.jpg,0.054647785
687-2.jpg,0.054647785
687-3.jpg,0.054647785
687-4.jpg,0.054647785
688-1.jpg,0.026380839
688-2.jpg,0.026380839
688-3.jpg,0.026380839
688-4.jpg,0.026380839
689-1.jpg,0.21468088
689-2.jpg,0.21468088
689-3.jpg,0.21468088
689-4.jpg,0.21468088
690-1.jpg,0.2032671
690-2.jpg,0.2032671
690-3.jpg,0.2032671
690-4.jpg,0.2032671
691-1.jpg,0.019018391
691-2.jpg,0.019018391
691-3.jpg,0.019018391
691-4.jpg,0.019018391
692-1.jpg,0.075653955
692-2.jpg,0.075653955
692-3.jpg,0.075653955
692-4.jpg,0.075653955
693-1.jpg,0.99587095
693-2.jpg,0.99587095
693-3.jpg,0.99587095
693-4.jpg,0.99587095
694-1.jpg,0.5532509
694-2.jpg,0.5532509
694-3.jpg,0.5532509
694-4.jpg,0.5532509
695-1.jpg,0.054086406
695-2.jpg,0.054086406
695-3.jpg,0.054086406
695-4.jpg,0.054086406
696-1.jpg,0.9058306
696-2.jpg,0.9058306
696-3.jpg,0.9058306
696-4.jpg,0.9058306
697-1.jpg,0.00836617
697-2.jpg,0.00836617
697-3.jpg,0.00836617
697-4.jpg,0.00836617
698-1.jpg,0.00595419
698-2.jpg,0.00595419
698-3.jpg,0.00595419
698-4.jpg,0.00595419
699-1.jpg,0.11567681
699-2.jpg,0.11567681
699-3.jpg,0.11567681
699-4.jpg,0.11567681
700-1.jpg,0.005521644
700-2.jpg,0.005521644
700-3.jpg,0.005521644
700-4.jpg,0.005521644
701-1.jpg,0.06712542
701-2.jpg,0.06712542
701-3.jpg,0.06712542
701-4.jpg,0.06712542
702-1.jpg,0.03490346
702-2.jpg,0.03490346
702-3.jpg,0.03490346
702-4.jpg,0.03490346
703-1.jpg,0.10110996
703-2.jpg,0.10110996
703-3.jpg,0.10110996
703-4.jpg,0.10110996
704-1.jpg,0.003944006
704-2.jpg,0.003944006
704-3.jpg,0.003944006
704-4.jpg,0.003944006
705-1.jpg,0.13079052
705-2.jpg,0.13079052
705-3.jpg,0.13079052
705-4.jpg,0.13079052
706-1.jpg,0.08033732
706-2.jpg,0.08033732
706-3.jpg,0.08033732
706-4.jpg,0.08033732
707-1.jpg,0.16607907
707-2.jpg,0.16607907
707-3.jpg,0.16607907
707-4.jpg,0.16607907
708-1.jpg,0.15226284
708-2.jpg,0.15226284
708-3.jpg,0.15226284
708-4.jpg,0.15226284
709-1.jpg,0.4769377
709-2.jpg,0.4769377
709-3.jpg,0.4769377
709-4.jpg,0.4769377
710-1.jpg,0.0071906867
710-2.jpg,0.0071906867
710-3.jpg,0.0071906867
710-4.jpg,0.0071906867
711-1.jpg,0.2902593
711-2.jpg,0.2902593
711-3.jpg,0.2902593
711-4.jpg,0.2902593
712-1.jpg,0.024234079
712-2.jpg,0.024234079
712-3.jpg,0.024234079
712-4.jpg,0.024234079
713-1.jpg,0.063289255
713-2.jpg,0.063289255
713-3.jpg,0.063289255
713-4.jpg,0.063289255
714-1.jpg,0.055844788
714-2.jpg,0.055844788
714-3.jpg,0.055844788
714-4.jpg,0.055844788
715-1.jpg,0.14248493
715-2.jpg,0.14248493
715-3.jpg,0.14248493
715-4.jpg,0.14248493
716-1.jpg,0.23638076
716-2.jpg,0.23638076
716-3.jpg,0.23638076
716-4.jpg,0.23638076
717-1.jpg,0.0882637
717-2.jpg,0.0882637
717-3.jpg,0.0882637
717-4.jpg,0.0882637
718-1.jpg,0.0150251
718-2.jpg,0.0150251
718-3.jpg,0.0150251
718-4.jpg,0.0150251
719-1.jpg,0.2616133
719-2.jpg,0.2616133
719-3.jpg,0.2616133
719-4.jpg,0.2616133
720-1.jpg,0.6563307
720-2.jpg,0.6563307
720-3.jpg,0.6563307
720-4.jpg,0.6563307
721-1.jpg,0.028946234
721-2.jpg,0.028946234
721-3.jpg,0.028946234
721-4.jpg,0.028946234
722-1.jpg,0.09443698
722-2.jpg,0.09443698
722-3.jpg,0.09443698
722-4.jpg,0.09443698
723-1.jpg,0.89012957
723-2.jpg,0.89012957
723-3.jpg,0.89012957
723-4.jpg,0.89012957
724-1.jpg,0.0119846035
724-2.jpg,0.0119846035
724-3.jpg,0.0119846035
724-4.jpg,0.0119846035
725-1.jpg,0.015506448
725-2.jpg,0.015506448
725-3.jpg,0.015506448
725-4.jpg,0.015506448
726-1.jpg,0.0464131
726-2.jpg,0.0464131
726-3.jpg,0.0464131
726-4.jpg,0.0464131
727-1.jpg,0.021627814
727-2.jpg,0.021627814
727-3.jpg,0.021627814
727-4.jpg,0.021627814
728-1.jpg,0.081583396
728-2.jpg,0.081583396
728-3.jpg,0.081583396
728-4.jpg,0.081583396
729-1.jpg,0.030233819
729-2.jpg,0.030233819
729-3.jpg,0.030233819
729-4.jpg,0.030233819
730-1.jpg,0.019342452
730-2.jpg,0.019342452
730-3.jpg,0.019342452
730-4.jpg,0.019342452
731-1.jpg,0.22466177
731-2.jpg,0.22466177
731-3.jpg,0.22466177
731-4.jpg,0.22466177
732-1.jpg,0.04420157
732-2.jpg,0.04420157
732-3.jpg,0.04420157
732-4.jpg,0.04420157
733-1.jpg,0.05600802
733-2.jpg,0.05600802
733-3.jpg,0.05600802
733-4.jpg,0.05600802
734-1.jpg,0.009383744
734-2.jpg,0.009383744
734-3.jpg,0.009383744
734-4.jpg,0.009383744
735-1.jpg,0.19750406
735-2.jpg,0.19750406
735-3.jpg,0.19750406
735-4.jpg,0.19750406
736-1.jpg,0.037995264
736-2.jpg,0.037995264
736-3.jpg,0.037995264
736-4.jpg,0.037995264
737-1.jpg,0.006211715
737-2.jpg,0.006211715
737-3.jpg,0.006211715
737-4.jpg,0.006211715
738-1.jpg,0.066097185
738-2.jpg,0.066097185
738-3.jpg,0.066097185
738-4.jpg,0.066097185
739-1.jpg,0.010219186
739-2.jpg,0.010219186
739-3.jpg,0.010219186
739-4.jpg,0.010219186
740-1.jpg,0.007438786
740-2.jpg,0.007438786
740-3.jpg,0.007438786
740-4.jpg,0.007438786
741-1.jpg,0.091315925
741-2.jpg,0.091315925
741-3.jpg,0.091315925
741-4.jpg,0.091315925
742-1.jpg,0.31031802
742-2.jpg,0.31031802
742-3.jpg,0.31031802
742-4.jpg,0.31031802
743-1.jpg,0.37380236
743-2.jpg,0.37380236
743-3.jpg,0.37380236
743-4.jpg,0.37380236
744-1.jpg,0.047480203
744-2.jpg,0.047480203
744-3.jpg,0.047480203
744-4.jpg,0.047480203
745-1.jpg,0.9785898
745-2.jpg,0.9785898
745-3.jpg,0.9785898
745-4.jpg,0.9785898
746-1.jpg,0.004177454
746-2.jpg,0.004177454
746-3.jpg,0.004177454
746-4.jpg,0.004177454
747-1.jpg,0.23294593
747-2.jpg,0.23294593
747-3.jpg,0.23294593
747-4.jpg,0.23294593
748-1.jpg,0.09170128
748-2.jpg,0.09170128
748-3.jpg,0.09170128
748-4.jpg,0.09170128
750-1.jpg,0.06933476
750-2.jpg,0.06933476
750-3.jpg,0.06933476
750-4.jpg,0.06933476
751-1.jpg,0.036110323
751-2.jpg,0.036110323
751-3.jpg,0.036110323
751-4.jpg,0.036110323
752-1.jpg,0.060985208
752-2.jpg,0.060985208
752-3.jpg,0.060985208
752-4.jpg,0.060985208
753-1.jpg,0.11074467
753-2.jpg,0.11074467
753-3.jpg,0.11074467
753-4.jpg,0.11074467
754-1.jpg,0.0695759
754-2.jpg,0.0695759
754-3.jpg,0.0695759
754-4.jpg,0.0695759
755-1.jpg,0.28658324
755-2.jpg,0.28658324
755-3.jpg,0.28658324
755-4.jpg,0.28658324
756-1.jpg,0.3415045
756-2.jpg,0.3415045
756-3.jpg,0.3415045
756-4.jpg,0.3415045
757-1.jpg,0.0029965616
757-2.jpg,0.0029965616
757-3.jpg,0.0029965616
757-4.jpg,0.0029965616
758-1.jpg,0.64167404
758-2.jpg,0.64167404
758-3.jpg,0.64167404
758-4.jpg,0.64167404
759-1.jpg,0.07619098
759-2.jpg,0.07619098
759-3.jpg,0.07619098
759-4.jpg,0.07619098
760-1.jpg,0.08519031
760-2.jpg,0.08519031
760-3.jpg,0.08519031
760-4.jpg,0.08519031
761-1.jpg,0.045253836
761-2.jpg,0.045253836
761-3.jpg,0.045253836
761-4.jpg,0.045253836
762-1.jpg,0.122862026
762-2.jpg,0.122862026
762-3.jpg,0.122862026
762-4.jpg,0.122862026
763-1.jpg,0.948359
763-2.jpg,0.948359
763-3.jpg,0.948359
763-4.jpg,0.948359
764-1.jpg,0.029059887
764-2.jpg,0.029059887
764-3.jpg,0.029059887
764-4.jpg,0.029059887
765-1.jpg,0.6651362
765-2.jpg,0.6651362
765-3.jpg,0.6651362
765-4.jpg,0.6651362
766-1.jpg,0.00252935
766-2.jpg,0.00252935
766-3.jpg,0.00252935
766-4.jpg,0.00252935
767-1.jpg,0.25535077
767-2.jpg,0.25535077
767-3.jpg,0.25535077
767-4.jpg,0.25535077
768-1.jpg,0.114216365
768-2.jpg,0.114216365
768-3.jpg,0.114216365
768-4.jpg,0.114216365
769-1.jpg,0.031690277
769-2.jpg,0.031690277
769-3.jpg,0.031690277
769-4.jpg,0.031690277
770-1.jpg,0.0687648
770-2.jpg,0.0687648
770-3.jpg,0.0687648
770-4.jpg,0.0687648
771-1.jpg,0.2250738
771-2.jpg,0.2250738
771-3.jpg,0.2250738
771-4.jpg,0.2250738
772-1.jpg,0.08349623
772-2.jpg,0.08349623
772-3.jpg,0.08349623
772-4.jpg,0.08349623
773-1.jpg,0.9666171
773-2.jpg,0.9666171
773-3.jpg,0.9666171
773-4.jpg,0.9666171
774-1.jpg,0.46365154
774-2.jpg,0.46365154
774-3.jpg,0.46365154
774-4.jpg,0.46365154
775-1.jpg,0.075539246
775-2.jpg,0.075539246
775-3.jpg,0.075539246
775-4.jpg,0.075539246
776-1.jpg,0.18404633
776-2.jpg,0.18404633
776-3.jpg,0.18404633
776-4.jpg,0.18404633
777-1.jpg,0.0894238
777-2.jpg,0.0894238
777-3.jpg,0.0894238
777-4.jpg,0.0894238
778-1.jpg,0.061644852
778-2.jpg,0.061644852
778-3.jpg,0.061644852
778-4.jpg,0.061644852
779-1.jpg,0.0052537704
779-2.jpg,0.0052537704
779-3.jpg,0.0052537704
779-4.jpg,0.0052537704
780-1.jpg,0.0093857795
780-2.jpg,0.0093857795
780-3.jpg,0.0093857795
780-4.jpg,0.0093857795
781-1.jpg,0.047334924
781-2.jpg,0.047334924
781-3.jpg,0.047334924
781-4.jpg,0.047334924
782-1.jpg,0.40622857
782-2.jpg,0.40622857
782-3.jpg,0.40622857
782-4.jpg,0.40622857
783-1.jpg,0.07569388
783-2.jpg,0.07569388
783-3.jpg,0.07569388
783-4.jpg,0.07569388
784-1.jpg,0.0970688
784-2.jpg,0.0970688
784-3.jpg,0.0970688
784-4.jpg,0.0970688
786-1.jpg,0.0123335365
786-2.jpg,0.0123335365
786-3.jpg,0.0123335365
786-4.jpg,0.0123335365
787-1.jpg,0.020232279
787-2.jpg,0.020232279
787-3.jpg,0.020232279
787-4.jpg,0.020232279
788-1.jpg,0.054706942
788-2.jpg,0.054706942
788-3.jpg,0.054706942
788-4.jpg,0.054706942
789-1.jpg,0.052932814
789-2.jpg,0.052932814
789-3.jpg,0.052932814
789-4.jpg,0.052932814
790-1.jpg,0.720827
790-2.jpg,0.720827
790-3.jpg,0.720827
790-4.jpg,0.720827
791-1.jpg,0.1210202
791-2.jpg,0.1210202
791-3.jpg,0.1210202
791-4.jpg,0.1210202
792-1.jpg,0.31717545
792-2.jpg,0.31717545
792-3.jpg,0.31717545
792-4.jpg,0.31717545
793-1.jpg,0.20021975
793-2.jpg,0.20021975
793-3.jpg,0.20021975
793-4.jpg,0.20021975
794-1.jpg,0.8968157
794-2.jpg,0.8968157
794-3.jpg,0.8968157
794-4.jpg,0.8968157
795-1.jpg,0.08461598
795-2.jpg,0.08461598
795-3.jpg,0.08461598
795-4.jpg,0.08461598
796-1.jpg,0.013093068
796-2.jpg,0.013093068
796-3.jpg,0.013093068
796-4.jpg,0.013093068
797-1.jpg,0.017037699
797-2.jpg,0.017037699
797-3.jpg,0.017037699
797-4.jpg,0.017037699
798-1.jpg,0.77470505
798-2.jpg,0.77470505
798-3.jpg,0.77470505
798-4.jpg,0.77470505
799-1.jpg,0.07664402
799-2.jpg,0.07664402
799-3.jpg,0.07664402
799-4.jpg,0.07664402
800-1.jpg,0.07811674
800-2.jpg,0.07811674
800-3.jpg,0.07811674
800-4.jpg,0.07811674
801-1.jpg,0.035465226
801-2.jpg,0.035465226
801-3.jpg,0.035465226
801-4.jpg,0.035465226
802-1.jpg,0.28978205
802-2.jpg,0.28978205
802-3.jpg,0.28978205
802-4.jpg,0.28978205
803-1.jpg,0.014126294
803-2.jpg,0.014126294
803-3.jpg,0.014126294
803-4.jpg,0.014126294
804-1.jpg,0.32816255
804-2.jpg,0.32816255
804-3.jpg,0.32816255
804-4.jpg,0.32816255
805-1.jpg,0.12705216
805-2.jpg,0.12705216
805-3.jpg,0.12705216
805-4.jpg,0.12705216
806-1.jpg,0.21539374
806-2.jpg,0.21539374
806-3.jpg,0.21539374
806-4.jpg,0.21539374
807-1.jpg,0.042835984
807-2.jpg,0.042835984
807-3.jpg,0.042835984
807-4.jpg,0.042835984
808-1.jpg,0.011902706
808-2.jpg,0.011902706
808-3.jpg,0.011902706
808-4.jpg,0.011902706
809-1.jpg,0.66800666
809-2.jpg,0.66800666
809-3.jpg,0.66800666
809-4.jpg,0.66800666
811-1.jpg,0.0628156
811-2.jpg,0.0628156
811-3.jpg,0.0628156
811-4.jpg,0.0628156
812-1.jpg,0.15200962
812-2.jpg,0.15200962
812-3.jpg,0.15200962
812-4.jpg,0.15200962
813-1.jpg,0.7821483
813-2.jpg,0.7821483
813-3.jpg,0.7821483
813-4.jpg,0.7821483
814-1.jpg,0.10528471
814-2.jpg,0.10528471
814-3.jpg,0.10528471
814-4.jpg,0.10528471
815-1.jpg,0.007796647
815-2.jpg,0.007796647
815-3.jpg,0.007796647
815-4.jpg,0.007796647
816-1.jpg,0.053215504
816-2.jpg,0.053215504
816-3.jpg,0.053215504
816-4.jpg,0.053215504
817-1.jpg,0.01831473
817-2.jpg,0.01831473
817-3.jpg,0.01831473
817-4.jpg,0.01831473
819-1.jpg,0.59027153
819-2.jpg,0.59027153
819-3.jpg,0.59027153
819-4.jpg,0.59027153
820-1.jpg,0.7718501
820-2.jpg,0.7718501
820-3.jpg,0.7718501
820-4.jpg,0.7718501
822-1.jpg,0.3984946
822-2.jpg,0.3984946
822-3.jpg,0.3984946
822-4.jpg,0.3984946
823-1.jpg,0.20358944
823-2.jpg,0.20358944
823-3.jpg,0.20358944
823-4.jpg,0.20358944
824-1.jpg,0.23094997
824-2.jpg,0.23094997
824-3.jpg,0.23094997
824-4.jpg,0.23094997
825-1.jpg,0.017358996
825-2.jpg,0.017358996
825-3.jpg,0.017358996
825-4.jpg,0.017358996
826-1.jpg,0.01200817
826-2.jpg,0.01200817
826-3.jpg,0.01200817
826-4.jpg,0.01200817
827-1.jpg,0.004170773
827-2.jpg,0.004170773
827-3.jpg,0.004170773
827-4.jpg,0.004170773
828-1.jpg,0.9033551
828-2.jpg,0.9033551
828-3.jpg,0.9033551
828-4.jpg,0.9033551
830-1.jpg,0.015667886
830-2.jpg,0.015667886
830-3.jpg,0.015667886
830-4.jpg,0.015667886
831-1.jpg,0.020154934
831-2.jpg,0.020154934
831-3.jpg,0.020154934
831-4.jpg,0.020154934
832-1.jpg,0.06900483
832-2.jpg,0.06900483
832-3.jpg,0.06900483
832-4.jpg,0.06900483
833-1.jpg,0.1442038
833-2.jpg,0.1442038
833-3.jpg,0.1442038
833-4.jpg,0.1442038
835-1.jpg,0.14225246
835-2.jpg,0.14225246
835-3.jpg,0.14225246
835-4.jpg,0.14225246
836-1.jpg,0.21350034
836-2.jpg,0.21350034
836-3.jpg,0.21350034
836-4.jpg,0.21350034
837-1.jpg,0.1681293
837-2.jpg,0.1681293
837-3.jpg,0.1681293
837-4.jpg,0.1681293
838-1.jpg,0.0057735997
838-2.jpg,0.0057735997
838-3.jpg,0.0057735997
838-4.jpg,0.0057735997
839-1.jpg,0.19417161
839-2.jpg,0.19417161
839-3.jpg,0.19417161
839-4.jpg,0.19417161
840-1.jpg,0.2538075
840-2.jpg,0.2538075
840-3.jpg,0.2538075
840-4.jpg,0.2538075
841-1.jpg,0.0143644465
841-2.jpg,0.0143644465
841-3.jpg,0.0143644465
841-4.jpg,0.0143644465
842-1.jpg,0.027348742
842-2.jpg,0.027348742
842-3.jpg,0.027348742
842-4.jpg,0.027348742
843-1.jpg,0.08075492
843-2.jpg,0.08075492
843-3.jpg,0.08075492
843-4.jpg,0.08075492
844-1.jpg,0.032129247
844-2.jpg,0.032129247
844-3.jpg,0.032129247
844-4.jpg,0.032129247
845-1.jpg,0.04993039
845-2.jpg,0.04993039
845-3.jpg,0.04993039
845-4.jpg,0.04993039
846-1.jpg,0.22876327
846-2.jpg,0.22876327
846-3.jpg,0.22876327
846-4.jpg,0.22876327
847-1.jpg,0.03729162
847-2.jpg,0.03729162
847-3.jpg,0.03729162
847-4.jpg,0.03729162
848-1.jpg,0.0710171
848-2.jpg,0.0710171
848-3.jpg,0.0710171
848-4.jpg,0.0710171
849-1.jpg,0.0076275677
849-2.jpg,0.0076275677
849-3.jpg,0.0076275677
849-4.jpg,0.0076275677
850-1.jpg,0.07817802
850-2.jpg,0.07817802
850-3.jpg,0.07817802
850-4.jpg,0.07817802
851-1.jpg,0.004601537
851-2.jpg,0.004601537
851-3.jpg,0.004601537
851-4.jpg,0.004601537
852-1.jpg,0.033431567
852-2.jpg,0.033431567
852-3.jpg,0.033431567
852-4.jpg,0.033431567
853-1.jpg,0.078189835
853-2.jpg,0.078189835
853-3.jpg,0.078189835
853-4.jpg,0.078189835
854-1.jpg,0.13478485
854-2.jpg,0.13478485
854-3.jpg,0.13478485
854-4.jpg,0.13478485
855-1.jpg,0.063611746
855-2.jpg,0.063611746
855-3.jpg,0.063611746
855-4.jpg,0.063611746
856-1.jpg,0.009654084
856-2.jpg,0.009654084
856-3.jpg,0.009654084
856-4.jpg,0.009654084
858-1.jpg,0.036155045
858-2.jpg,0.036155045
858-3.jpg,0.036155045
858-4.jpg,0.036155045
859-1.jpg,0.25646687
859-2.jpg,0.25646687
859-3.jpg,0.25646687
859-4.jpg,0.25646687
860-1.jpg,0.6079729
860-2.jpg,0.6079729
860-3.jpg,0.6079729
860-4.jpg,0.6079729
861-1.jpg,0.0055410964
861-2.jpg,0.0055410964
861-3.jpg,0.0055410964
861-4.jpg,0.0055410964
863-1.jpg,0.04583455
863-2.jpg,0.04583455
863-3.jpg,0.04583455
863-4.jpg,0.04583455
864-1.jpg,0.005053157
864-2.jpg,0.005053157
864-3.jpg,0.005053157
864-4.jpg,0.005053157
865-1.jpg,0.024775222
865-2.jpg,0.024775222
865-3.jpg,0.024775222
865-4.jpg,0.024775222
866-1.jpg,0.06985344
866-2.jpg,0.06985344
866-3.jpg,0.06985344
866-4.jpg,0.06985344
867-1.jpg,0.015185995
867-2.jpg,0.015185995
867-3.jpg,0.015185995
867-4.jpg,0.015185995
868-1.jpg,0.053907618
868-2.jpg,0.053907618
868-3.jpg,0.053907618
868-4.jpg,0.053907618
869-1.jpg,0.00978036
869-2.jpg,0.00978036
869-3.jpg,0.00978036
869-4.jpg,0.00978036
870-1.jpg,0.0050982228
870-2.jpg,0.0050982228
870-3.jpg,0.0050982228
870-4.jpg,0.0050982228
873-1.jpg,0.008135819
873-2.jpg,0.008135819
873-3.jpg,0.008135819
873-4.jpg,0.008135819
874-1.jpg,0.037215203
874-2.jpg,0.037215203
874-3.jpg,0.037215203
874-4.jpg,0.037215203
875-1.jpg,0.21070504
875-2.jpg,0.21070504
875-3.jpg,0.21070504
875-4.jpg,0.21070504
876-1.jpg,0.10131589
876-2.jpg,0.10131589
876-3.jpg,0.10131589
876-4.jpg,0.10131589
877-1.jpg,0.2812754
877-2.jpg,0.2812754
877-3.jpg,0.2812754
877-4.jpg,0.2812754
878-1.jpg,0.27922714
878-2.jpg,0.27922714
878-3.jpg,0.27922714
878-4.jpg,0.27922714
879-1.jpg,0.038040064
879-2.jpg,0.038040064
879-3.jpg,0.038040064
879-4.jpg,0.038040064
880-1.jpg,0.053462055
880-2.jpg,0.053462055
880-3.jpg,0.053462055
880-4.jpg,0.053462055
881-1.jpg,0.105177164
881-2.jpg,0.105177164
881-3.jpg,0.105177164
881-4.jpg,0.105177164
882-1.jpg,0.021454057
882-2.jpg,0.021454057
882-3.jpg,0.021454057
882-4.jpg,0.021454057
883-1.jpg,0.0051386636
883-2.jpg,0.0051386636
883-3.jpg,0.0051386636
883-4.jpg,0.0051386636
885-1.jpg,0.9288087
885-2.jpg,0.9288087
885-3.jpg,0.9288087
885-4.jpg,0.9288087
886-1.jpg,0.282683
886-2.jpg,0.282683
886-3.jpg,0.282683
886-4.jpg,0.282683
887-1.jpg,0.9502759
887-2.jpg,0.9502759
887-3.jpg,0.9502759
887-4.jpg,0.9502759
888-1.jpg,0.5807864
888-2.jpg,0.5807864
888-3.jpg,0.5807864
888-4.jpg,0.5807864
889-1.jpg,0.03770695
889-2.jpg,0.03770695
889-3.jpg,0.03770695
889-4.jpg,0.03770695
890-1.jpg,0.22777995
890-2.jpg,0.22777995
890-3.jpg,0.22777995
890-4.jpg,0.22777995
891-1.jpg,0.46237296
891-2.jpg,0.46237296
891-3.jpg,0.46237296
891-4.jpg,0.46237296
894-1.jpg,0.36376873
894-2.jpg,0.36376873
894-3.jpg,0.36376873
894-4.jpg,0.36376873
896-1.jpg,0.2743516
896-2.jpg,0.2743516
896-3.jpg,0.2743516
896-4.jpg,0.2743516
897-1.jpg,0.0035715336
897-2.jpg,0.0035715336
897-3.jpg,0.0035715336
897-4.jpg,0.0035715336
899-1.jpg,0.013808781
899-2.jpg,0.013808781
899-3.jpg,0.013808781
899-4.jpg,0.013808781
900-1.jpg,0.13442512
900-2.jpg,0.13442512
900-3.jpg,0.13442512
900-4.jpg,0.13442512
902-1.jpg,0.06376575
902-2.jpg,0.06376575
902-3.jpg,0.06376575
902-4.jpg,0.06376575
903-1.jpg,0.023603413
903-2.jpg,0.023603413
903-3.jpg,0.023603413
903-4.jpg,0.023603413
904-1.jpg,0.021176701
904-2.jpg,0.021176701
904-3.jpg,0.021176701
904-4.jpg,0.021176701
905-1.jpg,0.33554426
905-2.jpg,0.33554426
905-3.jpg,0.33554426
905-4.jpg,0.33554426
906-1.jpg,0.041776992
906-2.jpg,0.041776992
906-3.jpg,0.041776992
906-4.jpg,0.041776992
907-1.jpg,0.023384959
907-2.jpg,0.023384959
907-3.jpg,0.023384959
907-4.jpg,0.023384959
908-1.jpg,0.49230868
908-2.jpg,0.49230868
908-3.jpg,0.49230868
908-4.jpg,0.49230868
909-1.jpg,0.07182609
909-2.jpg,0.07182609
909-3.jpg,0.07182609
909-4.jpg,0.07182609
910-1.jpg,0.017298423
910-2.jpg,0.017298423
910-3.jpg,0.017298423
910-4.jpg,0.017298423
911-1.jpg,0.13103703
911-2.jpg,0.13103703
911-3.jpg,0.13103703
911-4.jpg,0.13103703
912-1.jpg,0.087252796
912-2.jpg,0.087252796
912-3.jpg,0.087252796
912-4.jpg,0.087252796
913-1.jpg,0.22177899
913-2.jpg,0.22177899
913-3.jpg,0.22177899
913-4.jpg,0.22177899
914-1.jpg,0.24117512
914-2.jpg,0.24117512
914-3.jpg,0.24117512
914-4.jpg,0.24117512
915-1.jpg,0.015553838
915-2.jpg,0.015553838
915-3.jpg,0.015553838
915-4.jpg,0.015553838
916-1.jpg,0.0022398615
916-2.jpg,0.0022398615
916-3.jpg,0.0022398615
916-4.jpg,0.0022398615
917-1.jpg,0.16152316
917-2.jpg,0.16152316
917-3.jpg,0.16152316
917-4.jpg,0.16152316
918-1.jpg,0.0011403988
918-2.jpg,0.0011403988
918-3.jpg,0.0011403988
918-4.jpg,0.0011403988
920-1.jpg,0.022001522
920-2.jpg,0.022001522
920-3.jpg,0.022001522
920-4.jpg,0.022001522
921-1.jpg,0.05657784
921-2.jpg,0.05657784
921-3.jpg,0.05657784
921-4.jpg,0.05657784
922-1.jpg,0.23414163
922-2.jpg,0.23414163
922-3.jpg,0.23414163
922-4.jpg,0.23414163
923-1.jpg,0.13622327
923-2.jpg,0.13622327
923-3.jpg,0.13622327
923-4.jpg,0.13622327
924-1.jpg,0.034554366
924-2.jpg,0.034554366
924-3.jpg,0.034554366
924-4.jpg,0.034554366
926-1.jpg,0.006803819
926-2.jpg,0.006803819
926-3.jpg,0.006803819
926-4.jpg,0.006803819
927-1.jpg,0.075365484
927-2.jpg,0.075365484
927-3.jpg,0.075365484
927-4.jpg,0.075365484
928-1.jpg,0.029259179
928-2.jpg,0.029259179
928-3.jpg,0.029259179
928-4.jpg,0.029259179
929-1.jpg,0.1970166
929-2.jpg,0.1970166
929-3.jpg,0.1970166
929-4.jpg,0.1970166
930-1.jpg,0.0037027528
930-2.jpg,0.0037027528
930-3.jpg,0.0037027528
930-4.jpg,0.0037027528
931-1.jpg,0.018096041
931-2.jpg,0.018096041
931-3.jpg,0.018096041
931-4.jpg,0.018096041
932-1.jpg,0.35402662
932-2.jpg,0.35402662
932-3.jpg,0.35402662
932-4.jpg,0.35402662
933-1.jpg,0.30937523
933-2.jpg,0.30937523
933-3.jpg,0.30937523
933-4.jpg,0.30937523
934-1.jpg,0.94981533
934-2.jpg,0.94981533
934-3.jpg,0.94981533
934-4.jpg,0.94981533
935-1.jpg,0.059824686
935-2.jpg,0.059824686
935-3.jpg,0.059824686
935-4.jpg,0.059824686
936-1.jpg,0.038971588
936-2.jpg,0.038971588
936-3.jpg,0.038971588
936-4.jpg,0.038971588
937-1.jpg,0.978938
937-2.jpg,0.978938
937-3.jpg,0.978938
937-4.jpg,0.978938
938-1.jpg,0.017617078
938-2.jpg,0.017617078
938-3.jpg,0.017617078
938-4.jpg,0.017617078
939-1.jpg,0.012065379
939-2.jpg,0.012065379
939-3.jpg,0.012065379
939-4.jpg,0.012065379
940-1.jpg,0.092209995
940-2.jpg,0.092209995
940-3.jpg,0.092209995
940-4.jpg,0.092209995
941-1.jpg,0.5309694
941-2.jpg,0.5309694
941-3.jpg,0.5309694
941-4.jpg,0.5309694
942-1.jpg,0.6587287
942-2.jpg,0.6587287
942-3.jpg,0.6587287
942-4.jpg,0.6587287
943-1.jpg,0.042498097
943-2.jpg,0.042498097
943-3.jpg,0.042498097
943-4.jpg,0.042498097
944-1.jpg,0.014563463
944-2.jpg,0.014563463
944-3.jpg,0.014563463
944-4.jpg,0.014563463
945-1.jpg,0.79864144
945-2.jpg,0.79864144
945-3.jpg,0.79864144
945-4.jpg,0.79864144
946-1.jpg,0.20890296
946-2.jpg,0.20890296
946-3.jpg,0.20890296
946-4.jpg,0.20890296
947-1.jpg,0.10735212
947-2.jpg,0.10735212
947-3.jpg,0.10735212
947-4.jpg,0.10735212
949-1.jpg,0.03918156
949-2.jpg,0.03918156
949-3.jpg,0.03918156
949-4.jpg,0.03918156
950-1.jpg,0.0840406
950-2.jpg,0.0840406
950-3.jpg,0.0840406
950-4.jpg,0.0840406
951-1.jpg,0.21860087
951-2.jpg,0.21860087
951-3.jpg,0.21860087
951-4.jpg,0.21860087
952-1.jpg,0.17426921
952-2.jpg,0.17426921
952-3.jpg,0.17426921
952-4.jpg,0.17426921
954-1.jpg,0.006529836
954-2.jpg,0.006529836
954-3.jpg,0.006529836
954-4.jpg,0.006529836
955-1.jpg,0.023751527
955-2.jpg,0.023751527
955-3.jpg,0.023751527
955-4.jpg,0.023751527
956-1.jpg,0.041829675
956-2.jpg,0.041829675
956-3.jpg,0.041829675
956-4.jpg,0.041829675
957-1.jpg,0.021422392
957-2.jpg,0.021422392
957-3.jpg,0.021422392
957-4.jpg,0.021422392
958-1.jpg,0.0379823
958-2.jpg,0.0379823
958-3.jpg,0.0379823
958-4.jpg,0.0379823
959-1.jpg,0.014741206
959-2.jpg,0.014741206
959-3.jpg,0.014741206
959-4.jpg,0.014741206
960-1.jpg,0.05411671
960-2.jpg,0.05411671
960-3.jpg,0.05411671
960-4.jpg,0.05411671
961-1.jpg,0.113473654
961-2.jpg,0.113473654
961-3.jpg,0.113473654
961-4.jpg,0.113473654
962-1.jpg,0.46264172
962-2.jpg,0.46264172
962-3.jpg,0.46264172
962-4.jpg,0.46264172
963-1.jpg,0.01933353
963-2.jpg,0.01933353
963-3.jpg,0.01933353
963-4.jpg,0.01933353
964-1.jpg,0.7583702
964-2.jpg,0.7583702
964-3.jpg,0.7583702
964-4.jpg,0.7583702
965-1.jpg,0.12102202
965-2.jpg,0.12102202
965-3.jpg,0.12102202
965-4.jpg,0.12102202
966-1.jpg,0.023440538
966-2.jpg,0.023440538
966-3.jpg,0.023440538
966-4.jpg,0.023440538
967-1.jpg,0.09022709
967-2.jpg,0.09022709
967-3.jpg,0.09022709
967-4.jpg,0.09022709
968-1.jpg,0.686583
968-2.jpg,0.686583
968-3.jpg,0.686583
968-4.jpg,0.686583
969-1.jpg,0.034444302
969-2.jpg,0.034444302
969-3.jpg,0.034444302
969-4.jpg,0.034444302
970-1.jpg,0.15847185
970-2.jpg,0.15847185
970-3.jpg,0.15847185
970-4.jpg,0.15847185
971-1.jpg,0.027360542
971-2.jpg,0.027360542
971-3.jpg,0.027360542
971-4.jpg,0.027360542
972-1.jpg,0.016700506
972-2.jpg,0.016700506
972-3.jpg,0.016700506
972-4.jpg,0.016700506
973-1.jpg,0.35971886
973-2.jpg,0.35971886
973-3.jpg,0.35971886
973-4.jpg,0.35971886
974-1.jpg,0.04418037
974-2.jpg,0.04418037
974-3.jpg,0.04418037
974-4.jpg,0.04418037
975-1.jpg,0.042440854
975-2.jpg,0.042440854
975-3.jpg,0.042440854
975-4.jpg,0.042440854
977-1.jpg,0.07228753
977-2.jpg,0.07228753
977-3.jpg,0.07228753
977-4.jpg,0.07228753
978-1.jpg,0.049607575
978-2.jpg,0.049607575
978-3.jpg,0.049607575
978-4.jpg,0.049607575
979-1.jpg,0.008569803
979-2.jpg,0.008569803
979-3.jpg,0.008569803
979-4.jpg,0.008569803
981-1.jpg,0.08885555
981-2.jpg,0.08885555
981-3.jpg,0.08885555
981-4.jpg,0.08885555
982-1.jpg,0.015071582
982-2.jpg,0.015071582
982-3.jpg,0.015071582
982-4.jpg,0.015071582
983-1.jpg,0.3241449
983-2.jpg,0.3241449
983-3.jpg,0.3241449
983-4.jpg,0.3241449
984-1.jpg,0.019308671
984-2.jpg,0.019308671
984-3.jpg,0.019308671
984-4.jpg,0.019308671
985-1.jpg,0.03260076
985-2.jpg,0.03260076
985-3.jpg,0.03260076
985-4.jpg,0.03260076
986-1.jpg,0.026064683
986-2.jpg,0.026064683
986-3.jpg,0.026064683
986-4.jpg,0.026064683
987-1.jpg,0.6896658
987-2.jpg,0.6896658
987-3.jpg,0.6896658
987-4.jpg,0.6896658
988-1.jpg,0.7247647
988-2.jpg,0.7247647
988-3.jpg,0.7247647
988-4.jpg,0.7247647
990-1.jpg,0.94280493
990-2.jpg,0.94280493
990-3.jpg,0.94280493
990-4.jpg,0.94280493
991-1.jpg,0.028867915
991-2.jpg,0.028867915
991-3.jpg,0.028867915
991-4.jpg,0.028867915
992-1.jpg,0.07943378
992-2.jpg,0.07943378
992-3.jpg,0.07943378
992-4.jpg,0.07943378
993-1.jpg,0.075535566
993-2.jpg,0.075535566
993-3.jpg,0.075535566
993-4.jpg,0.075535566
994-1.jpg,0.027232006
994-2.jpg,0.027232006
994-3.jpg,0.027232006
994-4.jpg,0.027232006
995-1.jpg,0.052414484
995-2.jpg,0.052414484
995-3.jpg,0.052414484
995-4.jpg,0.052414484
996-1.jpg,0.02473379
996-2.jpg,0.02473379
996-3.jpg,0.02473379
996-4.jpg,0.02473379
997-1.jpg,0.01343093
997-2.jpg,0.01343093
997-3.jpg,0.01343093
997-4.jpg,0.01343093
998-1.jpg,0.94864863
998-2.jpg,0.94864863
998-3.jpg,0.94864863
998-4.jpg,0.94864863
999-1.jpg,0.0038126442
999-2.jpg,0.0038126442
999-3.jpg,0.0038126442
999-4.jpg,0.0038126442
1000-1.jpg,0.01596385
1000-2.jpg,0.01596385
1000-3.jpg,0.01596385
1000-4.jpg,0.01596385
1001-1.jpg,0.28810692
1001-2.jpg,0.28810692
1001-3.jpg,0.28810692
1001-4.jpg,0.28810692
1002-1.jpg,0.08917944
1002-2.jpg,0.08917944
1002-3.jpg,0.08917944
1002-4.jpg,0.08917944
1003-1.jpg,0.012834174
1003-2.jpg,0.012834174
1003-3.jpg,0.012834174
1003-4.jpg,0.012834174
1005-1.jpg,0.13988715
1005-2.jpg,0.13988715
1005-3.jpg,0.13988715
1005-4.jpg,0.13988715
1006-1.jpg,0.017756743
1006-2.jpg,0.017756743
1006-3.jpg,0.017756743
1006-4.jpg,0.017756743
1007-1.jpg,0.023136267
1007-2.jpg,0.023136267
1007-3.jpg,0.023136267
1007-4.jpg,0.023136267
1008-1.jpg,0.011749779
1008-2.jpg,0.011749779
1008-3.jpg,0.011749779
1008-4.jpg,0.011749779
1009-1.jpg,0.02547997
1009-2.jpg,0.02547997
1009-3.jpg,0.02547997
1009-4.jpg,0.02547997
1010-1.jpg,0.31102306
1010-2.jpg,0.31102306
1010-3.jpg,0.31102306
1010-4.jpg,0.31102306
1012-1.jpg,0.028008295
1012-2.jpg,0.028008295
1012-3.jpg,0.028008295
1012-4.jpg,0.028008295
1013-1.jpg,0.017734831
1013-2.jpg,0.017734831
1013-3.jpg,0.017734831
1013-4.jpg,0.017734831
1014-1.jpg,0.004944677
1014-2.jpg,0.004944677
1014-3.jpg,0.004944677
1014-4.jpg,0.004944677
1015-1.jpg,0.08171518
1015-2.jpg,0.08171518
1015-3.jpg,0.08171518
1015-4.jpg,0.08171518
1016-1.jpg,0.0069186864
1016-2.jpg,0.0069186864
1016-3.jpg,0.0069186864
1016-4.jpg,0.0069186864
1017-1.jpg,0.010412644
1017-2.jpg,0.010412644
1017-3.jpg,0.010412644
1017-4.jpg,0.010412644
1018-1.jpg,0.047831856
1018-2.jpg,0.047831856
1018-3.jpg,0.047831856
1018-4.jpg,0.047831856
1019-1.jpg,0.06398164
1019-2.jpg,0.06398164
1019-3.jpg,0.06398164
1019-4.jpg,0.06398164
1020-1.jpg,0.007283627
1020-2.jpg,0.007283627
1020-3.jpg,0.007283627
1020-4.jpg,0.007283627
1021-1.jpg,0.057387922
1021-2.jpg,0.057387922
1021-3.jpg,0.057387922
1021-4.jpg,0.057387922
1023-1.jpg,0.033808388
1023-2.jpg,0.033808388
1023-3.jpg,0.033808388
1023-4.jpg,0.033808388
1024-1.jpg,0.07185369
1024-2.jpg,0.07185369
1024-3.jpg,0.07185369
1024-4.jpg,0.07185369
1025-1.jpg,0.0078118807
1025-2.jpg,0.0078118807
1025-3.jpg,0.0078118807
1025-4.jpg,0.0078118807
1026-1.jpg,0.3654359
1026-2.jpg,0.3654359
1026-3.jpg,0.3654359
1026-4.jpg,0.3654359
1028-1.jpg,0.08854084
1028-2.jpg,0.08854084
1028-3.jpg,0.08854084
1028-4.jpg,0.08854084
1029-1.jpg,0.17861684
1029-2.jpg,0.17861684
1029-3.jpg,0.17861684
1029-4.jpg,0.17861684
1031-1.jpg,0.038713597
1031-2.jpg,0.038713597
1031-3.jpg,0.038713597
1031-4.jpg,0.038713597
1032-1.jpg,0.0025844225
1032-2.jpg,0.0025844225
1032-3.jpg,0.0025844225
1032-4.jpg,0.0025844225
1033-1.jpg,0.20486528
1033-2.jpg,0.20486528
1033-3.jpg,0.20486528
1033-4.jpg,0.20486528
